<?xml version="1.0" encoding="UTF-8"?>
<metadata>
	<idinfo>
		<citation>
			<citeinfo>
				<origin>Pennsylvania Fish and Boat Commission</origin>
				<pubdate>202408</pubdate>
				<geoform Sync="TRUE">vector digital data</geoform>
				<onlink>https://www.pasda.psu.edu</onlink>
				<title>Class A Wild Trout Streams</title><ftname Sync="TRUE">PFBC_GIS.DBO.ClassA_Streams</ftname></citeinfo>
		</citation>
		<descript>
			<langdata>English</langdata><abstract>Class A streams are streams that support a population of wild (natural reproduction) trout of sufficient size and abundance to support a long-term and rewarding sport fishery. The Commission does not stock these streams.  This GIS layer respresents the sections of streams that are designated as such.</abstract><purpose>For mapping and analysis related to designated high quality wild trout streams.</purpose><supplinf>This data set was created by loading both River Mile values and latitude/longitude coordinates of section limits existing in the PFBC Fisheries database.  The locational values were originally derived from a variety of sources including GPS, scaling from USGS maps and aerial photography.  Tools in ArcMap were used to generate the stream sections from these values.  Each section was checked against the descriptions contained for each upstream and downstream section limit and the sections were adjusted where necessary.  The current 1:24000 National Hydrography Dataset (NHD) flwoing waters layer was used as the base for drawing the sections and this data is coincident with NHD.</supplinf></descript>
		<timeperd>
			<timeinfo>
				<sngdate>
					<caldate>202408</caldate>
				</sngdate>
			</timeinfo>
			<current>ground condition</current>
		</timeperd>
		<status>
			<progress>Complete</progress>
			<update>As needed</update>
		</status>
		<spdom>
			<bounding>
				<westbc Sync="TRUE">-80.240290</westbc>
				<eastbc Sync="TRUE">-74.786420</eastbc>
				<northbc Sync="TRUE">41.999340</northbc>
				<southbc Sync="TRUE">39.723050</southbc>
			</bounding>
			<lboundng><leftbc Sync="TRUE">-80.240290</leftbc><rightbc Sync="TRUE">-74.786420</rightbc><bottombc Sync="TRUE">39.723050</bottombc><topbc Sync="TRUE">41.999340</topbc></lboundng></spdom>
		<keywords>
			<theme>
				<themekt>ISO 19115 Topic Categories</themekt>
				<themekey>Wild Trout</themekey><themekey>Biomass</themekey><themekey>Class A</themekey><themekey>inlandWaters</themekey></theme>
			<place>
				<placekey>Pennsylvania</placekey></place>
		</keywords>
		<accconst>None</accconst>
		<useconst>None provided credit is given to the Pennsylvania Fish and Boat Commission (PFBC) as long as the data is in its original unaltered state.  If modifications are made to the data set, users are obligated to describe the types of modifications they have made.  Users are not to misrepresent PFBC data sets, nor to imply that changes they (users) have made were approved by the PFBC.</useconst>
		<ptcontac>
			<cntinfo>
				<cntpos>PFBC GIS</cntpos>
				<cntaddr>
					<addrtype>physical address</addrtype>
					<address>1601 Elmerton Ave</address>
					<city>Harrisburg</city>
					<state>PA</state>
					<postal>17110-9299</postal>
					<country>USA</country>
				</cntaddr>
				<cntaddr>
					<addrtype>mailing address</addrtype>
					<address>P O Box 67000</address>
					<city>Harrisburg</city>
					<state>PA</state>
					<postal>17106-7000</postal>
					<country>USA</country>
				</cntaddr>
				<cntvoice>717-705-7909</cntvoice>
				<cntfax>717-705-7901</cntfax>
				<cntemail>RA-GIS@pa.lcl</cntemail>
				<hours>8:00-4:00</hours>
				<cntorgp><cntorg>PA Fish and Boat Commission</cntorg><cntper>PFBC GIS</cntper></cntorgp></cntinfo>
		</ptcontac>
		<datacred>Pennsylvania Fish and Boat Commission</datacred>
		<native Sync="TRUE">Microsoft Windows XP Version 5.1 (Build 2600) Service Pack 3; ESRI ArcCatalog 9.3.1.3000</native>
		<natvform Sync="TRUE">SDE Feature Class</natvform></idinfo>
	<dataqual>
		<lineage>
			<procstep>
				<srcused>\\FBHBGISAPP01\GIS_Data\Projects\GDB_Edits\PFBC_GIS.mdb</srcused>
				<proccont>
					<cntinfo>
						<cntpos>PFBC GIS</cntpos>
						<cntaddr>
							<addrtype>physical address</addrtype>
							<address>1601 Elmerton Ave</address>
							<city>Harrisburg</city>
							<state>PA</state>
							<postal>17110-9299</postal>
							<country>USA</country>
						</cntaddr>
						<cntaddr>
							<addrtype>mailing address</addrtype>
							<address>P O Box 67000</address>
							<city>Harrisburg</city>
							<state>PA</state>
							<postal>17106-7000</postal>
							<country>USA</country>
						</cntaddr>
						<cntvoice>717-705-7909</cntvoice>
						<cntfax>717-705-7901</cntfax>
						<cntemail>RA-GIS@pa.lcl</cntemail>
						<cntorgp><cntorg>PA Fish and Boat Commission</cntorg><cntper>PFBC GIS</cntper></cntorgp></cntinfo>
				</proccont>
				<procdesc>This data set was created by loading both River Mile values and latitude/longitude coordinates of section limits existing in the PFBC Fisheries database.  The locational values were originally derived from a variety of sources including GPS, scaling from USGS maps and aerial photography.  Tools in ArcMap were used to generate the stream sections from these values.  Each section was checked against the descriptions contained for each upstream and downstream section limit and the sections were adjusted where necessary.  The current NHD streams layers were used as the base for drawing the sections and this data is coincident with NHD.</procdesc><procsv>ArcGIS 9.1</procsv><procdate>2006</procdate></procstep>
			<procstep><procdesc Sync="TRUE">Metadata imported.</procdesc><srcused Sync="TRUE">C:\Temp\Reg_HQ.xml</srcused><date Sync="TRUE">20070130</date><time Sync="TRUE">09333600</time></procstep><procstep><procdesc Sync="TRUE">Metadata imported.</procdesc><srcused Sync="TRUE">K:\Projects\General_GIS\metadata_template.xml</srcused><date Sync="TRUE">20070130</date><time Sync="TRUE">11123400</time></procstep><procstep><procdesc Sync="TRUE">Dataset copied.</procdesc><srcused Sync="TRUE">Server=fbhbgisdev02; Service=5151/tcp; Database=PFBC_GIS; Version=dbo.DEFAULT</srcused><procdate Sync="TRUE">20081222</procdate><proctime Sync="TRUE">17121000</proctime></procstep></lineage>
	</dataqual>
	<spdoinfo>
		<direct Sync="TRUE">Vector</direct>
		<ptvctinf><esriterm><efeatyp Sync="TRUE">Simple</efeatyp><efeageom code="3" Sync="TRUE"></efeageom><esritopo Sync="TRUE">FALSE</esritopo><efeacnt Sync="TRUE">531</efeacnt><spindex Sync="TRUE">TRUE</spindex><linrefer Sync="TRUE">FALSE</linrefer></esriterm><sdtsterm><ptvctcnt>567</ptvctcnt></sdtsterm></ptvctinf></spdoinfo>
	<spref>
		<horizsys>
			<geograph>
				<latres Sync="TRUE">0.000000</latres>
				<longres Sync="TRUE">0.000000</longres>
				<geogunit Sync="TRUE">Decimal degrees</geogunit>
			</geograph>
			<geodetic>
				<horizdn Sync="TRUE">North American Datum of 1983</horizdn>
				<ellips Sync="TRUE">Geodetic Reference System 80</ellips>
				<semiaxis Sync="TRUE">6378137.000000</semiaxis>
				<denflat Sync="TRUE">298.257222</denflat>
			</geodetic>
			<cordsysn><geogcsn Sync="TRUE">GCS_North_American_1983</geogcsn></cordsysn></horizsys>
		<vertdef>
			<altsys>
				<altres Sync="TRUE">1.000000</altres>
				<altenc Sync="TRUE">Explicit elevation coordinate included with horizontal coordinates</altenc>
			</altsys>
		</vertdef>
	</spref>
	<eainfo>
		<detailed Name="ClassA_Streams">
			<enttyp>
				<enttypl>Class A Wild Trout Streams</enttypl>
				<enttypt Sync="TRUE">Feature Class</enttypt><enttypc Sync="TRUE">531</enttypc></enttyp>
			<attr><attrlabl Sync="TRUE">Shape_Leng</attrlabl><attalias Sync="TRUE">FID</attalias><attrtype Sync="TRUE">OID</attrtype><attwidth Sync="TRUE">4</attwidth><atprecis Sync="TRUE">0</atprecis><attscale Sync="TRUE">0</attscale><attrdef Sync="TRUE">Internal feature number.</attrdef><attrdefs Sync="TRUE">ESRI</attrdefs><attrdomv><udom Sync="TRUE">Sequential unique whole numbers that are automatically generated.</udom></attrdomv></attr><attr><attrlabl Sync="TRUE">Fishery</attrlabl><attalias Sync="TRUE">Fishery</attalias><attrtype Sync="TRUE">String</attrtype><attwidth Sync="TRUE">50</attwidth><atprecis Sync="TRUE">0</atprecis><attscale Sync="TRUE">0</attscale><attrdef>Type of trout fishery</attrdef><attrdefs>PFBC</attrdefs><attrdomv><udom Sync="TRUE">Sequential unique whole numbers that are automatically generated.</udom></attrdomv></attr><attr><attrlabl Sync="TRUE">SHAPE</attrlabl><attalias Sync="TRUE">WRDS</attalias><attrtype Sync="TRUE">String</attrtype><attwidth Sync="TRUE">254</attwidth><atprecis Sync="TRUE">0</atprecis><attscale Sync="TRUE">0</attscale><attrdef Sync="TRUE">Feature geometry.</attrdef><attrdefs Sync="TRUE">ESRI</attrdefs><attrdomv><udom Sync="TRUE">Coordinates defining the features.</udom></attrdomv></attr><attr><attrlabl Sync="TRUE">WRDS</attrlabl><attalias Sync="TRUE">WtrLatDD</attalias><attrtype Sync="TRUE">Double</attrtype><attwidth Sync="TRUE">19</attwidth><atprecis Sync="TRUE">0</atprecis><attscale Sync="TRUE">0</attscale><attrdef>Water Resources Data System unique stream identifier</attrdef><attrdefs>Pennsylvania Department of Environmental Protection</attrdefs></attr><attr><attrlabl Sync="TRUE">WtrLatDD</attrlabl><attalias Sync="TRUE">WtrLonDD</attalias><attrtype Sync="TRUE">Double</attrtype><attwidth Sync="TRUE">19</attwidth><atprecis Sync="TRUE">0</atprecis><attscale Sync="TRUE">0</attscale><attrdef>Stream mouth latitude in decimal degrees</attrdef><attrdefs>PFBC Bureau of Fisheries</attrdefs></attr><attr><attrlabl Sync="TRUE">WtrLonDD</attrlabl><attalias Sync="TRUE">WtrName</attalias><attrtype Sync="TRUE">String</attrtype><attwidth Sync="TRUE">254</attwidth><atprecis Sync="TRUE">0</atprecis><attscale Sync="TRUE">0</attscale><attrdef>Stream mouth longitude in decimal degrees</attrdef><attrdefs>PFBC Bureau of Fisheries</attrdefs></attr><attr><attrlabl Sync="TRUE">WtrName</attrlabl><attalias Sync="TRUE">WtrLatLon</attalias><attrtype Sync="TRUE">String</attrtype><attwidth Sync="TRUE">254</attwidth><atprecis Sync="TRUE">0</atprecis><attscale Sync="TRUE">0</attscale><attrdef>Stream name</attrdef><attrdefs>PFBC Bureau of Fisheries</attrdefs></attr><attr><attrlabl Sync="TRUE">WtrLatLon</attrlabl><attalias Sync="TRUE">SecNum</attalias><attrtype Sync="TRUE">Double</attrtype><attwidth Sync="TRUE">19</attwidth><atprecis Sync="TRUE">0</atprecis><attscale Sync="TRUE">0</attscale><attrdef>PFBC stream unique identifier (consists of latitude/longitude of the mouth)</attrdef><attrdefs>PFBC Bureau of Fisheries</attrdefs></attr><attr><attrlabl Sync="TRUE">SecNum</attrlabl><attalias Sync="TRUE">SecSubbasi</attalias><attrtype Sync="TRUE">Double</attrtype><attwidth Sync="TRUE">19</attwidth><atprecis Sync="TRUE">0</atprecis><attscale Sync="TRUE">0</attscale><attrdef>PFBC fisheries Management stream section number</attrdef><attrdefs>PFBC Bureau of Fisheries</attrdefs></attr><attr><attrlabl Sync="TRUE">SecSubbasi</attrlabl><attalias Sync="TRUE">SecSubSubb</attalias><attrtype Sync="TRUE">String</attrtype><attwidth Sync="TRUE">254</attwidth><atprecis Sync="TRUE">0</atprecis><attscale Sync="TRUE">0</attscale><attrdef>Sub basin identifier of the stream section</attrdef><attrdefs>PFBC Bureau of Fisheries</attrdefs></attr><attr><attrlabl Sync="TRUE">SecSubSubb</attrlabl><attalias Sync="TRUE">TroutBioma</attalias><attrtype Sync="TRUE">String</attrtype><attwidth Sync="TRUE">254</attwidth><atprecis Sync="TRUE">0</atprecis><attscale Sync="TRUE">0</attscale><attrdef>Sub-subbasin identifier of the stream section</attrdef><attrdefs>PFBC Bureau of Fisheries</attrdefs></attr><attr><attrlabl Sync="TRUE">TroutBioma</attrlabl><attalias Sync="TRUE">SecCnt1Nam</attalias><attrtype Sync="TRUE">String</attrtype><attwidth Sync="TRUE">254</attwidth><atprecis Sync="TRUE">0</atprecis><attscale Sync="TRUE">0</attscale><attrdef>Trout biomass classification</attrdef><attrdefs>PFBC Bureau of Fisheries</attrdefs></attr><attr><attrlabl Sync="TRUE">SecCnt1Nam</attrlabl><attalias Sync="TRUE">SecCnt1Per</attalias><attrtype Sync="TRUE">Double</attrtype><attwidth Sync="TRUE">19</attwidth><atprecis Sync="TRUE">0</atprecis><attscale Sync="TRUE">0</attscale><attrdef>The County the stream section is primarily within</attrdef><attrdefs>PFBC Bureau of Fisheries</attrdefs></attr><attr><attrlabl Sync="TRUE">SecCnt1Per</attrlabl><attalias Sync="TRUE">SecCnt2Nam</attalias><attrtype Sync="TRUE">String</attrtype><attwidth Sync="TRUE">254</attwidth><atprecis Sync="TRUE">0</atprecis><attscale Sync="TRUE">0</attscale><attrdef>Percentage of section in the primary County</attrdef><attrdefs>PFBC Bureau of Fisheries</attrdefs></attr><attr><attrlabl Sync="TRUE">SecCnt2Nam</attrlabl><attalias Sync="TRUE">SecCnt2Per</attalias><attrtype Sync="TRUE">Double</attrtype><attwidth Sync="TRUE">19</attwidth><atprecis Sync="TRUE">0</atprecis><attscale Sync="TRUE">0</attscale><attrdef>Other County the stream section falls within</attrdef><attrdefs>PFBC Bureau of Fisheries</attrdefs></attr><attr><attrlabl Sync="TRUE">SecCnt2Per</attrlabl><attalias Sync="TRUE">SecCnt3Nam</attalias><attrtype Sync="TRUE">String</attrtype><attwidth Sync="TRUE">254</attwidth><atprecis Sync="TRUE">0</atprecis><attscale Sync="TRUE">0</attscale><attrdefs>PFBC Bureau of Fisheries</attrdefs><attrdef>Percentage of the section within the County</attrdef></attr><attr><attrlabl Sync="TRUE">SecCnt3Nam</attrlabl><attalias Sync="TRUE">SecCnt3Per</attalias><attrtype Sync="TRUE">String</attrtype><attwidth Sync="TRUE">254</attwidth><atprecis Sync="TRUE">0</atprecis><attscale Sync="TRUE">0</attscale><attrdef>Other County the stream section falls within</attrdef><attrdefs>PFBC Bureau of Fisheries</attrdefs></attr><attr><attrlabl Sync="TRUE">SecCnt3Per</attrlabl><attalias Sync="TRUE">SecCnt4Nam</attalias><attrtype Sync="TRUE">String</attrtype><attwidth Sync="TRUE">254</attwidth><atprecis Sync="TRUE">0</atprecis><attscale Sync="TRUE">0</attscale><attrdefs>PFBC Bureau of Fisheries</attrdefs><attrdef>Percentage of the section within the County</attrdef></attr><attr><attrlabl Sync="TRUE">SecCnt4Nam</attrlabl><attalias Sync="TRUE">SecCnt4Per</attalias><attrtype Sync="TRUE">String</attrtype><attwidth Sync="TRUE">254</attwidth><atprecis Sync="TRUE">0</atprecis><attscale Sync="TRUE">0</attscale><attrdef>Other County the stream section falls within</attrdef><attrdefs>PFBC Bureau of Fisheries</attrdefs></attr><attr><attrlabl Sync="TRUE">SecCnt4Per</attrlabl><attalias Sync="TRUE">SecCnt5Nam</attalias><attrtype Sync="TRUE">String</attrtype><attwidth Sync="TRUE">254</attwidth><atprecis Sync="TRUE">0</atprecis><attscale Sync="TRUE">0</attscale><attrdefs>PFBC Bureau of Fisheries</attrdefs><attrdef>Percentage of the section within the County</attrdef></attr><attr><attrlabl Sync="TRUE">SecCnt5Nam</attrlabl><attalias Sync="TRUE">SecCnt5Per</attalias><attrtype Sync="TRUE">String</attrtype><attwidth Sync="TRUE">254</attwidth><atprecis Sync="TRUE">0</atprecis><attscale Sync="TRUE">0</attscale><attrdef>Other County the stream section falls within</attrdef><attrdefs>PFBC Bureau of Fisheries</attrdefs></attr><attr><attrlabl Sync="TRUE">SecCnt5Per</attrlabl><attalias Sync="TRUE">SecUpLimLa</attalias><attrtype Sync="TRUE">Double</attrtype><attwidth Sync="TRUE">19</attwidth><atprecis Sync="TRUE">0</atprecis><attscale Sync="TRUE">0</attscale><attrdefs>PFBC Bureau of Fisheries</attrdefs><attrdef>Percentage of the section within the County</attrdef></attr><attr><attrlabl Sync="TRUE">SecUpLimLa</attrlabl><attalias Sync="TRUE">SecUpLimLo</attalias><attrtype Sync="TRUE">Double</attrtype><attwidth Sync="TRUE">19</attwidth><atprecis Sync="TRUE">0</atprecis><attscale Sync="TRUE">0</attscale><attrdef>Latitude of the upper limit of the stream section</attrdef><attrdefs>PFBC Bureau of Fisheries</attrdefs></attr><attr><attrlabl Sync="TRUE">SecUpLimLo</attrlabl><attalias Sync="TRUE">SecUpperLi</attalias><attrtype Sync="TRUE">Double</attrtype><attwidth Sync="TRUE">19</attwidth><atprecis Sync="TRUE">0</atprecis><attscale Sync="TRUE">0</attscale><attrdef>Longitude of the upper limit of the stream section</attrdef><attrdefs>PFBC Bureau of Fisheries</attrdefs></attr><attr><attrlabl Sync="TRUE">SecUpperLi</attrlabl><attalias Sync="TRUE">SecUpper_1</attalias><attrtype Sync="TRUE">String</attrtype><attwidth Sync="TRUE">254</attwidth><atprecis Sync="TRUE">0</atprecis><attscale Sync="TRUE">0</attscale><attrdefs>PFBC Bureau of Fisheries</attrdefs><attrdef>River Mile (uncorrected) of the upper limit of the stream section</attrdef></attr><attr><attrlabl Sync="TRUE">SecUpper_1</attrlabl><attalias Sync="TRUE">SecLwLimLa</attalias><attrtype Sync="TRUE">Double</attrtype><attwidth Sync="TRUE">19</attwidth><atprecis Sync="TRUE">0</atprecis><attscale Sync="TRUE">0</attscale><attrdefs>PFBC Bureau of Fisheries</attrdefs><attrdef>Section upper limit description</attrdef></attr><attr><attrlabl Sync="TRUE">SecLwLimLa</attrlabl><attalias Sync="TRUE">SecLwLimLo</attalias><attrtype Sync="TRUE">Double</attrtype><attwidth Sync="TRUE">19</attwidth><atprecis Sync="TRUE">0</atprecis><attscale Sync="TRUE">0</attscale><attrdef>Latitude of the lower limit of the stream section</attrdef><attrdefs>PFBC Bureau of Fisheries</attrdefs></attr><attr><attrlabl Sync="TRUE">SecLwLimLo</attrlabl><attalias Sync="TRUE">SecLowerLi</attalias><attrtype Sync="TRUE">Double</attrtype><attwidth Sync="TRUE">19</attwidth><atprecis Sync="TRUE">0</atprecis><attscale Sync="TRUE">0</attscale><attrdefs>PFBC Bureau of Fisheries</attrdefs><attrdef>Longitude of the lower limit of the stream section</attrdef></attr><attr><attrlabl Sync="TRUE">SecLowerLi</attrlabl><attalias Sync="TRUE">SecLower_1</attalias><attrtype Sync="TRUE">String</attrtype><attwidth Sync="TRUE">254</attwidth><atprecis Sync="TRUE">0</atprecis><attscale Sync="TRUE">0</attscale><attrdefs>PFBC Bureau of Fisheries</attrdefs><attrdef>River Mile (uncorrected) of the lower limit of the stream section</attrdef></attr><attr><attrlabl Sync="TRUE">SecLower_1</attrlabl><attalias Sync="TRUE">GIS_Key</attalias><attrtype Sync="TRUE">String</attrtype><attwidth Sync="TRUE">20</attwidth><atprecis Sync="TRUE">0</atprecis><attscale Sync="TRUE">0</attscale><attrdef>Section lower limit description</attrdef><attrdefs>PFBC Bureau of Fisheries</attrdefs></attr><attr><attrlabl Sync="TRUE">GIS_Key</attrlabl><attalias Sync="TRUE">LowerRM_Ne</attalias><attrtype Sync="TRUE">Double</attrtype><attwidth Sync="TRUE">19</attwidth><atprecis Sync="TRUE">0</atprecis><attscale Sync="TRUE">0</attscale><attrdef>Unique identifier for the stream section used in GIS (combo of stream ID and section number)</attrdef><attrdefs>PFBC</attrdefs></attr><attr><attrlabl Sync="TRUE">LowerRM_Ne</attrlabl><attalias Sync="TRUE">UpperRM_Ne</attalias><attrtype Sync="TRUE">Double</attrtype><attwidth Sync="TRUE">19</attwidth><atprecis Sync="TRUE">0</atprecis><attscale Sync="TRUE">0</attscale><attrdef>Adjusted section lower limit river mile (NHD based)</attrdef><attrdefs>PFBC</attrdefs></attr><attr><attrlabl Sync="TRUE">UpperRM_Ne</attrlabl><attalias Sync="TRUE">Length_ft</attalias><attrtype Sync="TRUE">Double</attrtype><attwidth Sync="TRUE">19</attwidth><atprecis Sync="TRUE">0</atprecis><attscale Sync="TRUE">0</attscale><attrdef>Adjusted section upper limit river mile (NHD based)</attrdef><attrdefs>PFBC</attrdefs></attr><attr><attrlabl Sync="TRUE">Length_ft</attrlabl><attalias Sync="TRUE">COUNTY_NAM</attalias><attrtype Sync="TRUE">String</attrtype><attwidth Sync="TRUE">15</attwidth><atprecis Sync="TRUE">0</atprecis><attscale Sync="TRUE">0</attscale><attrdef>Length in feet of the section (generated by GIS)</attrdef><attrdefs>PFBC</attrdefs></attr><attr><attrlabl Sync="TRUE">COUNTY_NAM</attrlabl><attalias Sync="TRUE">Region</attalias><attrtype Sync="TRUE">String</attrtype><attwidth Sync="TRUE">20</attwidth><atprecis Sync="TRUE">0</atprecis><attscale Sync="TRUE">0</attscale><attrdef>County name for the section (used for PFBC County Guide Map purposes)</attrdef><attrdefs>PFBC</attrdefs></attr><attr><attrlabl Sync="TRUE">Region</attrlabl><attalias Sync="TRUE">MapID</attalias><attrtype Sync="TRUE">SmallInteger</attrtype><attwidth Sync="TRUE">4</attwidth><atprecis Sync="TRUE">4</atprecis><attscale Sync="TRUE">0</attscale><attrdef>PFBC Region location of the section</attrdef><attrdefs>PFBC</attrdefs></attr><attr><attrlabl Sync="TRUE">MapID</attrlabl><attalias Sync="TRUE">Length_MI_</attalias><attrtype Sync="TRUE">Double</attrtype><attwidth Sync="TRUE">19</attwidth><atprecis Sync="TRUE">0</atprecis><attscale Sync="TRUE">0</attscale><attrdef>Unique identifier for mapping purposes used on the PFBC County Guide Maps</attrdef><attrdefs>PFBC</attrdefs></attr><attr><attrlabl Sync="TRUE">Length_MI_</attrlabl><attalias Sync="TRUE">LL_Long_GI</attalias><attrtype Sync="TRUE">Double</attrtype><attwidth Sync="TRUE">19</attwidth><atprecis Sync="TRUE">0</atprecis><attscale Sync="TRUE">0</attscale></attr><attr><attrlabl Sync="TRUE">LL_Long_GI</attrlabl><attalias Sync="TRUE">LL_Lat_GIS</attalias><attrtype Sync="TRUE">Double</attrtype><attwidth Sync="TRUE">19</attwidth><atprecis Sync="TRUE">0</atprecis><attscale Sync="TRUE">0</attscale></attr><attr><attrlabl Sync="TRUE">LL_Lat_GIS</attrlabl><attalias Sync="TRUE">Shape</attalias><attrtype Sync="TRUE">Geometry</attrtype><attwidth Sync="TRUE">0</attwidth><atprecis Sync="TRUE">0</atprecis><attscale Sync="TRUE">0</attscale><attrdefs>PFBC</attrdefs><attrdef>Lower Limit Latitude of Section as calculated by GIS - used for driving directions in web GIS</attrdef><attrdomv><udom Sync="TRUE">Coordinates defining the features.</udom></attrdomv></attr><attr>
				<attrlabl>Shape</attrlabl>
				<attrdef>Feature geometry.</attrdef>
				<attrdefs>ESRI</attrdefs>
				<attrdomv>
					<udom>Coordinates defining the features.</udom>
				</attrdomv>
				<attalias Sync="TRUE">Per_Public</attalias><attrtype Sync="TRUE">Single</attrtype><attwidth Sync="TRUE">13</attwidth><atprecis Sync="TRUE">0</atprecis><attscale Sync="TRUE">0</attscale></attr>
			<attr><attrlabl Sync="TRUE">Per_Public</attrlabl><attalias Sync="TRUE">Per_Publ_1</attalias><attrtype Sync="TRUE">Single</attrtype><attwidth Sync="TRUE">13</attwidth><atprecis Sync="TRUE">0</atprecis><attscale Sync="TRUE">0</attscale></attr><attr><attrlabl Sync="TRUE">Per_Publ_1</attrlabl><attalias Sync="TRUE">Per_Privat</attalias><attrtype Sync="TRUE">Single</attrtype><attwidth Sync="TRUE">13</attwidth><atprecis Sync="TRUE">0</atprecis><attscale Sync="TRUE">0</attscale></attr><attr><attrlabl Sync="TRUE">Per_Privat</attrlabl><attalias Sync="TRUE">Per_Priv_1</attalias><attrtype Sync="TRUE">Single</attrtype><attwidth Sync="TRUE">13</attwidth><atprecis Sync="TRUE">0</atprecis><attscale Sync="TRUE">0</attscale></attr><attr><attrlabl Sync="TRUE">Per_Priv_1</attrlabl><attalias Sync="TRUE">Length_Mi1</attalias><attrtype Sync="TRUE">Double</attrtype><attwidth Sync="TRUE">19</attwidth><atprecis Sync="TRUE">0</atprecis><attscale Sync="TRUE">0</attscale></attr><attr><attrlabl Sync="TRUE">Length_Mi1</attrlabl><attalias Sync="TRUE">Region_2</attalias><attrtype Sync="TRUE">String</attrtype><attwidth Sync="TRUE">20</attwidth><atprecis Sync="TRUE">0</atprecis><attscale Sync="TRUE">0</attscale></attr><attr><attrlabl Sync="TRUE">Region_2</attrlabl><attalias Sync="TRUE">MapID_2</attalias><attrtype Sync="TRUE">SmallInteger</attrtype><attwidth Sync="TRUE">4</attwidth><atprecis Sync="TRUE">4</atprecis><attscale Sync="TRUE">0</attscale><attrdefs>Pennsylvania Fish and Boat Commission</attrdefs><attrdef>PFBC Region where the stream is located</attrdef></attr><attr><attrlabl Sync="TRUE">MapID_2</attrlabl><attalias Sync="TRUE">Shape_Leng</attalias><attrtype Sync="TRUE">Double</attrtype><attwidth Sync="TRUE">19</attwidth><atprecis Sync="TRUE">0</atprecis><attscale Sync="TRUE">0</attscale><attrdef>Unique identifier for mapping purposes used on the PFBC County Guide Maps</attrdef><attrdefs>Pennsylvania Fish and Boat Commission</attrdefs></attr></detailed>
	</eainfo>
	<distinfo>
		<resdesc>Downloadable Data</resdesc>
	</distinfo>
	<metainfo>
		<metd>202408</metd>
		<metfrd>As needed</metfrd>
		<metc>
			<cntinfo>
				<cntpos>PFBC GIS</cntpos>
				<cntaddr>
					<addrtype>physical address</addrtype>
					<address>1601 Elmerton Ave</address>
					<address>P O Box 67000</address>
					<city>Harrisburg</city>
					<state>PA</state>
					<postal>17110-9299</postal>
					<country>USA</country>
				</cntaddr>
				<cntaddr>
					<addrtype>mailing address</addrtype>
					<address>P O Box 67000</address>
					<city>Harrisburg</city>
					<state>PA</state>
					<postal>17106-7000</postal>
					<country>USA</country>
				</cntaddr>
				<cntvoice>717-705-7909</cntvoice>
				<cntfax>717-705-7901</cntfax>
				<cntemail>RA-GIS@pa.lcl</cntemail>
				<hours>8:00-4:00</hours>
				<cntorgp><cntorg>PA Fish and Boat Commission</cntorg><cntper>PFBC GIS</cntper></cntorgp></cntinfo>
		</metc>
		<metstdn Sync="TRUE">FGDC Content Standards for Digital Geospatial Metadata</metstdn>
		<metstdv Sync="TRUE">FGDC-STD-001-1998</metstdv>
		<mettc Sync="TRUE">local time</mettc>
		<metac>None</metac>
		<metuc>None</metuc>
		<metextns>
			<onlink></onlink>
			<metprof>ESRI Metadata Profile</metprof>
		</metextns>
		<langmeta Sync="TRUE">en</langmeta></metainfo>
	<Esri><CreaDate>20240824</CreaDate><CreaTime>14052400</CreaTime><SyncOnce>FALSE</SyncOnce><ModDate>20121217</ModDate><ModTime>11220100</ModTime><SyncDate>20121217</SyncDate><SyncTime>11220100</SyncTime><DataProperties><lineage><Process ToolSource="C:\Program Files\ArcGIS\ArcToolbox\Toolboxes\Data Management Tools.tbx\CopyFeatures" Date="20081114" Time="225044">CopyFeatures K:\Projects\GDB_Edits\PFBC_GIS.mdb\PFBC_Mapping\ClassA_Streams "Database Connections\Connection to fbhbgisdev02.sde\PFBC_GIS.DBO.PFBC_Mapping\PFBC_GIS.DBO.ClassA_Streams" # 0 0 0</Process><Process ToolSource="C:\Program Files\ArcGIS\ArcToolbox\Toolboxes\Conversion Tools.tbx\FeatureClassToFeatureClass" Date="20081230" Time="165316">FeatureClassToFeatureClass "Database Connections\Connection to 172.18.34.67.sde\PFBC_GIS.DBO.PFBC_Mapping\PFBC_GIS.DBO.ClassA_Streams" "Database Connections\Connection to FBHBGISDEV02.sde\PFBC_GIS.DBO.PFBC_Mapping" ClassA_Streams # "WRDS 'WRDS' true true false 254 Text 0 0 ,First,#,Database Connections\Connection to 172.18.34.67.sde\PFBC_GIS.DBO.PFBC_Mapping\PFBC_GIS.DBO.ClassA_Streams,WRDS,-1,-1;WtrLatDD 'WtrLatDD' true true false 8 Double 8 38 ,First,#,Database Connections\Connection to 172.18.34.67.sde\PFBC_GIS.DBO.PFBC_Mapping\PFBC_GIS.DBO.ClassA_Streams,WtrLatDD,-1,-1;WtrLonDD 'WtrLonDD' true true false 8 Double 8 38 ,First,#,Database Connections\Connection to 172.18.34.67.sde\PFBC_GIS.DBO.PFBC_Mapping\PFBC_GIS.DBO.ClassA_Streams,WtrLonDD,-1,-1;WtrName 'WtrName' true true false 254 Text 0 0 ,First,#,Database Connections\Connection to 172.18.34.67.sde\PFBC_GIS.DBO.PFBC_Mapping\PFBC_GIS.DBO.ClassA_Streams,WtrName,-1,-1;WtrLatLon 'WtrLatLon' true true false 254 Text 0 0 ,First,#,Database Connections\Connection to 172.18.34.67.sde\PFBC_GIS.DBO.PFBC_Mapping\PFBC_GIS.DBO.ClassA_Streams,WtrLatLon,-1,-1;SecNum 'SecNum' true true false 8 Double 8 38 ,First,#,Database Connections\Connection to 172.18.34.67.sde\PFBC_GIS.DBO.PFBC_Mapping\PFBC_GIS.DBO.ClassA_Streams,SecNum,-1,-1;SecSubbasi 'SecSubbasi' true true false 8 Double 8 38 ,First,#,Database Connections\Connection to 172.18.34.67.sde\PFBC_GIS.DBO.PFBC_Mapping\PFBC_GIS.DBO.ClassA_Streams,SecSubbasi,-1,-1;SecSubSubb 'SecSubSubb' true true false 254 Text 0 0 ,First,#,Database Connections\Connection to 172.18.34.67.sde\PFBC_GIS.DBO.PFBC_Mapping\PFBC_GIS.DBO.ClassA_Streams,SecSubSubb,-1,-1;TroutBioma 'TroutBioma' true true false 254 Text 0 0 ,First,#,Database Connections\Connection to 172.18.34.67.sde\PFBC_GIS.DBO.PFBC_Mapping\PFBC_GIS.DBO.ClassA_Streams,TroutBioma,-1,-1;SecCnt1Nam 'SecCnt1Nam' true true false 254 Text 0 0 ,First,#,Database Connections\Connection to 172.18.34.67.sde\PFBC_GIS.DBO.PFBC_Mapping\PFBC_GIS.DBO.ClassA_Streams,SecCnt1Nam,-1,-1;SecCnt1Per 'SecCnt1Per' true true false 8 Double 8 38 ,First,#,Database Connections\Connection to 172.18.34.67.sde\PFBC_GIS.DBO.PFBC_Mapping\PFBC_GIS.DBO.ClassA_Streams,SecCnt1Per,-1,-1;SecCnt2Nam 'SecCnt2Nam' true true false 254 Text 0 0 ,First,#,Database Connections\Connection to 172.18.34.67.sde\PFBC_GIS.DBO.PFBC_Mapping\PFBC_GIS.DBO.ClassA_Streams,SecCnt2Nam,-1,-1;SecCnt2Per 'SecCnt2Per' true true false 8 Double 8 38 ,First,#,Database Connections\Connection to 172.18.34.67.sde\PFBC_GIS.DBO.PFBC_Mapping\PFBC_GIS.DBO.ClassA_Streams,SecCnt2Per,-1,-1;SecCnt3Nam 'SecCnt3Nam' true true false 254 Text 0 0 ,First,#,Database Connections\Connection to 172.18.34.67.sde\PFBC_GIS.DBO.PFBC_Mapping\PFBC_GIS.DBO.ClassA_Streams,SecCnt3Nam,-1,-1;SecCnt3Per 'SecCnt3Per' true true false 254 Text 0 0 ,First,#,Database Connections\Connection to 172.18.34.67.sde\PFBC_GIS.DBO.PFBC_Mapping\PFBC_GIS.DBO.ClassA_Streams,SecCnt3Per,-1,-1;SecCnt4Nam 'SecCnt4Nam' true true false 254 Text 0 0 ,First,#,Database Connections\Connection to 172.18.34.67.sde\PFBC_GIS.DBO.PFBC_Mapping\PFBC_GIS.DBO.ClassA_Streams,SecCnt4Nam,-1,-1;SecCnt4Per 'SecCnt4Per' true true false 254 Text 0 0 ,First,#,Database Connections\Connection to 172.18.34.67.sde\PFBC_GIS.DBO.PFBC_Mapping\PFBC_GIS.DBO.ClassA_Streams,SecCnt4Per,-1,-1;SecCnt5Nam 'SecCnt5Nam' true true false 254 Text 0 0 ,First,#,Database Connections\Connection to 172.18.34.67.sde\PFBC_GIS.DBO.PFBC_Mapping\PFBC_GIS.DBO.ClassA_Streams,SecCnt5Nam,-1,-1;SecCnt5Per 'SecCnt5Per' true true false 254 Text 0 0 ,First,#,Database Connections\Connection to 172.18.34.67.sde\PFBC_GIS.DBO.PFBC_Mapping\PFBC_GIS.DBO.ClassA_Streams,SecCnt5Per,-1,-1;SecUpLimLa 'SecUpLimLa' true true false 8 Double 8 38 ,First,#,Database Connections\Connection to 172.18.34.67.sde\PFBC_GIS.DBO.PFBC_Mapping\PFBC_GIS.DBO.ClassA_Streams,SecUpLimLa,-1,-1;SecUpLimLo 'SecUpLimLo' true true false 8 Double 8 38 ,First,#,Database Connections\Connection to 172.18.34.67.sde\PFBC_GIS.DBO.PFBC_Mapping\PFBC_GIS.DBO.ClassA_Streams,SecUpLimLo,-1,-1;SecUpperLi 'SecUpperLi' true true false 8 Double 8 38 ,First,#,Database Connections\Connection to 172.18.34.67.sde\PFBC_GIS.DBO.PFBC_Mapping\PFBC_GIS.DBO.ClassA_Streams,SecUpperLi,-1,-1;SecUpper_1 'SecUpper_1' true true false 254 Text 0 0 ,First,#,Database Connections\Connection to 172.18.34.67.sde\PFBC_GIS.DBO.PFBC_Mapping\PFBC_GIS.DBO.ClassA_Streams,SecUpper_1,-1,-1;SecLwLimLa 'SecLwLimLa' true true false 8 Double 8 38 ,First,#,Database Connections\Connection to 172.18.34.67.sde\PFBC_GIS.DBO.PFBC_Mapping\PFBC_GIS.DBO.ClassA_Streams,SecLwLimLa,-1,-1;SecLwLimLo 'SecLwLimLo' true true false 8 Double 8 38 ,First,#,Database Connections\Connection to 172.18.34.67.sde\PFBC_GIS.DBO.PFBC_Mapping\PFBC_GIS.DBO.ClassA_Streams,SecLwLimLo,-1,-1;SecLowerLi 'SecLowerLi' true true false 8 Double 8 38 ,First,#,Database Connections\Connection to 172.18.34.67.sde\PFBC_GIS.DBO.PFBC_Mapping\PFBC_GIS.DBO.ClassA_Streams,SecLowerLi,-1,-1;SecLower_1 'SecLower_1' true true false 254 Text 0 0 ,First,#,Database Connections\Connection to 172.18.34.67.sde\PFBC_GIS.DBO.PFBC_Mapping\PFBC_GIS.DBO.ClassA_Streams,SecLower_1,-1,-1;GIS_Key 'GIS_Key' true true false 20 Text 0 0 ,First,#,Database Connections\Connection to 172.18.34.67.sde\PFBC_GIS.DBO.PFBC_Mapping\PFBC_GIS.DBO.ClassA_Streams,GIS_Key,-1,-1;LowerRM_Ne 'LowerRM_Ne' true true false 8 Double 8 38 ,First,#,Database Connections\Connection to 172.18.34.67.sde\PFBC_GIS.DBO.PFBC_Mapping\PFBC_GIS.DBO.ClassA_Streams,LowerRM_Ne,-1,-1;UpperRM_Ne 'UpperRM_Ne' true true false 8 Double 8 38 ,First,#,Database Connections\Connection to 172.18.34.67.sde\PFBC_GIS.DBO.PFBC_Mapping\PFBC_GIS.DBO.ClassA_Streams,UpperRM_Ne,-1,-1;Length_ft 'Length_ft' true true false 8 Double 8 38 ,First,#,Database Connections\Connection to 172.18.34.67.sde\PFBC_GIS.DBO.PFBC_Mapping\PFBC_GIS.DBO.ClassA_Streams,Length_ft,-1,-1;COUNTY_NAM 'COUNTY_NAM' true true false 15 Text 0 0 ,First,#,Database Connections\Connection to 172.18.34.67.sde\PFBC_GIS.DBO.PFBC_Mapping\PFBC_GIS.DBO.ClassA_Streams,COUNTY_NAM,-1,-1;Region 'Region' true true false 20 Text 0 0 ,First,#,Database Connections\Connection to 172.18.34.67.sde\PFBC_GIS.DBO.PFBC_Mapping\PFBC_GIS.DBO.ClassA_Streams,Region,-1,-1;MapID 'MapID' true true false 2 Short 0 5 ,First,#,Database Connections\Connection to 172.18.34.67.sde\PFBC_GIS.DBO.PFBC_Mapping\PFBC_GIS.DBO.ClassA_Streams,MapID,-1,-1;Length_MI_GIS 'Length_MI_GIS' true true false 8 Double 8 38 ,First,#,Database Connections\Connection to 172.18.34.67.sde\PFBC_GIS.DBO.PFBC_Mapping\PFBC_GIS.DBO.ClassA_Streams,Length_MI_GIS,-1,-1;LL_Long_GIS 'LL_Long_GIS' true true false 8 Double 8 38 ,First,#,Database Connections\Connection to 172.18.34.67.sde\PFBC_GIS.DBO.PFBC_Mapping\PFBC_GIS.DBO.ClassA_Streams,LL_Long_GIS,-1,-1;LL_Lat_GIS 'LL_Lat_GIS' true true false 8 Double 8 38 ,First,#,Database Connections\Connection to 172.18.34.67.sde\PFBC_GIS.DBO.PFBC_Mapping\PFBC_GIS.DBO.ClassA_Streams,LL_Lat_GIS,-1,-1;GlobalID 'GlobalID' false false true 38 Long 0 0 ,First,#,Database Connections\Connection to 172.18.34.67.sde\PFBC_GIS.DBO.PFBC_Mapping\PFBC_GIS.DBO.ClassA_Streams,GlobalID,-1,-1;Fishery 'Fishery' true true false 50 Text 0 0 ,First,#,Database Connections\Connection to 172.18.34.67.sde\PFBC_GIS.DBO.PFBC_Mapping\PFBC_GIS.DBO.ClassA_Streams,Fishery,-1,-1;Per_PublicOpen 'Per_PublicOpen' true true false 4 Float 2 5 ,First,#,Database Connections\Connection to 172.18.34.67.sde\PFBC_GIS.DBO.PFBC_Mapping\PFBC_GIS.DBO.ClassA_Streams,Per_PublicOpen,-1,-1;Per_PublicClosed 'Per_PublicClosed' true true false 4 Float 2 5 ,First,#,Database Connections\Connection to 172.18.34.67.sde\PFBC_GIS.DBO.PFBC_Mapping\PFBC_GIS.DBO.ClassA_Streams,Per_PublicClosed,-1,-1;Per_PrivateOpen 'Per_PrivateOpen' true true false 4 Float 2 5 ,First,#,Database Connections\Connection to 172.18.34.67.sde\PFBC_GIS.DBO.PFBC_Mapping\PFBC_GIS.DBO.ClassA_Streams,Per_PrivateOpen,-1,-1;Per_PrivateClosed 'Per_PrivateClosed' true true false 4 Float 2 5 ,First,#,Database Connections\Connection to 172.18.34.67.sde\PFBC_GIS.DBO.PFBC_Mapping\PFBC_GIS.DBO.ClassA_Streams,Per_PrivateClosed,-1,-1;SHAPE_len 'SHAPE_len' false false true 0 Double 0 0 ,First,#,Database Connections\Connection to 172.18.34.67.sde\PFBC_GIS.DBO.PFBC_Mapping\PFBC_GIS.DBO.ClassA_Streams,SHAPE.len,-1,-1" # "Database Connections\Connection to FBHBGISDEV02.sde\PFBC_GIS.DBO.PFBC_Mapping\PFBC_GIS.DBO.ClassA_Streams"</Process><Process ToolSource="C:\Program Files\ArcGIS\ArcToolbox\Toolboxes\Data Management Tools.tbx\AddGlobalIDs" Date="20081230" Time="171450">AddGlobalIDs 'Database Connections\Connection to FBHBGISDEV02.sde\PFBC_GIS.DBO.PFBC_Mapping\PFBC_GIS.DBO.Access';'Database Connections\Connection to FBHBGISDEV02.sde\PFBC_GIS.DBO.PFBC_Mapping\PFBC_GIS.DBO.AFM_Areas';'Database Connections\Connection to FBHBGISDEV02.sde\PFBC_GIS.DBO.PFBC_Mapping\PFBC_GIS.DBO.AFM_Offices';'Database Connections\Connection to FBHBGISDEV02.sde\PFBC_GIS.DBO.PFBC_Mapping\PFBC_GIS.DBO.Biologist_Reports';'Database Connections\Connection to FBHBGISDEV02.sde\PFBC_GIS.DBO.PFBC_Mapping\PFBC_GIS.DBO.Boating_SpecReg_Lakes';'Database Connections\Connection to FBHBGISDEV02.sde\PFBC_GIS.DBO.PFBC_Mapping\PFBC_GIS.DBO.Boating_SpecReg_Pts';'Database Connections\Connection to FBHBGISDEV02.sde\PFBC_GIS.DBO.PFBC_Mapping\PFBC_GIS.DBO.Boating_SpecReg_Streams';'Database Connections\Connection to FBHBGISDEV02.sde\PFBC_GIS.DBO.PFBC_Mapping\PFBC_GIS.DBO.ClassA_Streams';'Database Connections\Connection to FBHBGISDEV02.sde\PFBC_GIS.DBO.PFBC_Mapping\PFBC_GIS.DBO.Commissioner_Districts';'Database Connections\Connection to FBHBGISDEV02.sde\PFBC_GIS.DBO.PFBC_Mapping\PFBC_GIS.DBO.Coop_nurseries';'Database Connections\Connection to FBHBGISDEV02.sde\PFBC_GIS.DBO.PFBC_Mapping\PFBC_GIS.DBO.Dams_RunofRiver';'Database Connections\Connection to FBHBGISDEV02.sde\PFBC_GIS.DBO.PFBC_Mapping\PFBC_GIS.DBO.Erie_Tributaries';'Database Connections\Connection to FBHBGISDEV02.sde\PFBC_GIS.DBO.PFBC_Mapping\PFBC_GIS.DBO.Erie_Tributaries_pt';'Database Connections\Connection to FBHBGISDEV02.sde\PFBC_GIS.DBO.PFBC_Mapping\PFBC_GIS.DBO.ErieTribs_OpenFishing_poly';'Database Connections\Connection to FBHBGISDEV02.sde\PFBC_GIS.DBO.PFBC_Mapping\PFBC_GIS.DBO.ErieTribs_OpenFishing_pt';'Database Connections\Connection to FBHBGISDEV02.sde\PFBC_GIS.DBO.PFBC_Mapping\PFBC_GIS.DBO.fish_passage';'Database Connections\Connection to FBHBGISDEV02.sde\PFBC_GIS.DBO.PFBC_Mapping\PFBC_GIS.DBO.fishing_hotspots';'Database Connections\Connection to FBHBGISDEV02.sde\PFBC_GIS.DBO.PFBC_Mapping\PFBC_GIS.DBO.Habitat_Mgmt_Areas';'Database Connections\Connection to FBHBGISDEV02.sde\PFBC_GIS.DBO.PFBC_Mapping\PFBC_GIS.DBO.Habitat_Mgmt_Areas_Offices';'Database Connections\Connection to FBHBGISDEV02.sde\PFBC_GIS.DBO.PFBC_Mapping\PFBC_GIS.DBO.Hatcheries';'Database Connections\Connection to FBHBGISDEV02.sde\PFBC_GIS.DBO.PFBC_Mapping\PFBC_GIS.DBO.Lakes_PFBCDatabase';'Database Connections\Connection to FBHBGISDEV02.sde\PFBC_GIS.DBO.PFBC_Mapping\PFBC_GIS.DBO.Lakes_Point';'Database Connections\Connection to FBHBGISDEV02.sde\PFBC_GIS.DBO.PFBC_Mapping\PFBC_GIS.DBO.LawEnforcement_Regions';'Database Connections\Connection to FBHBGISDEV02.sde\PFBC_GIS.DBO.PFBC_Mapping\PFBC_GIS.DBO.Maintenance_Regions';'Database Connections\Connection to FBHBGISDEV02.sde\PFBC_GIS.DBO.PFBC_Mapping\PFBC_GIS.DBO.PA_Fish_Database';'Database Connections\Connection to FBHBGISDEV02.sde\PFBC_GIS.DBO.PFBC_Mapping\PFBC_GIS.DBO.PFBC_GIS_DBO_Approved_Trout_Waterbodies';'Database Connections\Connection to FBHBGISDEV02.sde\PFBC_GIS.DBO.PFBC_Mapping\PFBC_GIS.DBO.PFBC_GIS_DBO_Approved_Trout_Waterbodies_pt';'Database Connections\Connection to FBHBGISDEV02.sde\PFBC_GIS.DBO.PFBC_Mapping\PFBC_GIS.DBO.PFBC_GIS_DBO_Approved_Trout_Waters';'Database Connections\Connection to FBHBGISDEV02.sde\PFBC_GIS.DBO.PFBC_Mapping\PFBC_GIS.DBO.PFBC_GIS_DBO_Fishing_SpecReg_Lakes';'Database Connections\Connection to FBHBGISDEV02.sde\PFBC_GIS.DBO.PFBC_Mapping\PFBC_GIS.DBO.PFBC_GIS_DBO_Fishing_SpecReg_Lakes_Point';'Database Connections\Connection to FBHBGISDEV02.sde\PFBC_GIS.DBO.PFBC_Mapping\PFBC_GIS.DBO.PFBC_GIS_DBO_Fishing_SpecReg_Streams';'Database Connections\Connection to FBHBGISDEV02.sde\PFBC_GIS.DBO.PFBC_Mapping\PFBC_GIS.DBO.PFBC_Properties';'Database Connections\Connection to FBHBGISDEV02.sde\PFBC_GIS.DBO.PFBC_Mapping\PFBC_GIS.DBO.Reg_HQ';'Database Connections\Connection to FBHBGISDEV02.sde\PFBC_GIS.DBO.PFBC_Mapping\PFBC_GIS.DBO.Streams_PFBCManaged_2006';'Database Connections\Connection to FBHBGISDEV02.sde\PFBC_GIS.DBO.PFBC_Mapping\PFBC_GIS.DBO.Streams_PFBCManaged_2007';'Database Connections\Connection to FBHBGISDEV02.sde\PFBC_GIS.DBO.PFBC_Mapping\PFBC_GIS.DBO.Streams_PFBCStocked_2008';'Database Connections\Connection to FBHBGISDEV02.sde\PFBC_GIS.DBO.PFBC_Mapping\PFBC_GIS.DBO.Trout_NaturalReproduction';'Database Connections\Connection to FBHBGISDEV02.sde\PFBC_GIS.DBO.PFBC_Mapping\PFBC_GIS.DBO.WaterTrails_line';'Database Connections\Connection to FBHBGISDEV02.sde\PFBC_GIS.DBO.PFBC_Mapping\PFBC_GIS.DBO.WCO_Districts';'Database Connections\Connection to FBHBGISDEV02.sde\PFBC_GIS.DBO.PFBC_Mapping\PFBC_GIS.DBO.Wilderness_Trout_Streams';'Database Connections\Connection to FBHBGISDEV02.sde\PFBC_GIS.DBO.PFBC_Mapping\PFBC_GIS.DBO.WWCW_Fisheries_Lakes';'Database Connections\Connection to FBHBGISDEV02.sde\PFBC_GIS.DBO.PFBC_Mapping\PFBC_GIS.DBO.WWCW_Fisheries_Lakes_Pt';'Database Connections\Connection to FBHBGISDEV02.sde\PFBC_GIS.DBO.PFBC_Mapping\PFBC_GIS.DBO.WWCW_Fisheries_Streams' 'Database Connections\Connection to FBHBGISDEV02.sde\PFBC_GIS.DBO.PFBC_Mapping\PFBC_GIS.DBO.Access';'Database Connections\Connection to FBHBGISDEV02.sde\PFBC_GIS.DBO.PFBC_Mapping\PFBC_GIS.DBO.AFM_Areas';'Database Connections\Connection to FBHBGISDEV02.sde\PFBC_GIS.DBO.PFBC_Mapping\PFBC_GIS.DBO.AFM_Offices';'Database Connections\Connection to FBHBGISDEV02.sde\PFBC_GIS.DBO.PFBC_Mapping\PFBC_GIS.DBO.Biologist_Reports';'Database Connections\Connection to FBHBGISDEV02.sde\PFBC_GIS.DBO.PFBC_Mapping\PFBC_GIS.DBO.Boating_SpecReg_Lakes';'Database Connections\Connection to FBHBGISDEV02.sde\PFBC_GIS.DBO.PFBC_Mapping\PFBC_GIS.DBO.Boating_SpecReg_Pts';'Database Connections\Connection to FBHBGISDEV02.sde\PFBC_GIS.DBO.PFBC_Mapping\PFBC_GIS.DBO.Boating_SpecReg_Streams';'Database Connections\Connection to FBHBGISDEV02.sde\PFBC_GIS.DBO.PFBC_Mapping\PFBC_GIS.DBO.ClassA_Streams';'Database Connections\Connection to FBHBGISDEV02.sde\PFBC_GIS.DBO.PFBC_Mapping\PFBC_GIS.DBO.Commissioner_Districts';'Database Connections\Connection to FBHBGISDEV02.sde\PFBC_GIS.DBO.PFBC_Mapping\PFBC_GIS.DBO.Coop_nurseries';'Database Connections\Connection to FBHBGISDEV02.sde\PFBC_GIS.DBO.PFBC_Mapping\PFBC_GIS.DBO.Dams_RunofRiver';'Database Connections\Connection to FBHBGISDEV02.sde\PFBC_GIS.DBO.PFBC_Mapping\PFBC_GIS.DBO.Erie_Tributaries';'Database Connections\Connection to FBHBGISDEV02.sde\PFBC_GIS.DBO.PFBC_Mapping\PFBC_GIS.DBO.Erie_Tributaries_pt';'Database Connections\Connection to FBHBGISDEV02.sde\PFBC_GIS.DBO.PFBC_Mapping\PFBC_GIS.DBO.ErieTribs_OpenFishing_poly';'Database Connections\Connection to FBHBGISDEV02.sde\PFBC_GIS.DBO.PFBC_Mapping\PFBC_GIS.DBO.ErieTribs_OpenFishing_pt';'Database Connections\Connection to FBHBGISDEV02.sde\PFBC_GIS.DBO.PFBC_Mapping\PFBC_GIS.DBO.fish_passage';'Database Connections\Connection to FBHBGISDEV02.sde\PFBC_GIS.DBO.PFBC_Mapping\PFBC_GIS.DBO.fishing_hotspots';'Database Connections\Connection to FBHBGISDEV02.sde\PFBC_GIS.DBO.PFBC_Mapping\PFBC_GIS.DBO.Habitat_Mgmt_Areas';'Database Connections\Connection to FBHBGISDEV02.sde\PFBC_GIS.DBO.PFBC_Mapping\PFBC_GIS.DBO.Habitat_Mgmt_Areas_Offices';'Database Connections\Connection to FBHBGISDEV02.sde\PFBC_GIS.DBO.PFBC_Mapping\PFBC_GIS.DBO.Hatcheries';'Database Connections\Connection to FBHBGISDEV02.sde\PFBC_GIS.DBO.PFBC_Mapping\PFBC_GIS.DBO.Lakes_PFBCDatabase';'Database Connections\Connection to FBHBGISDEV02.sde\PFBC_GIS.DBO.PFBC_Mapping\PFBC_GIS.DBO.Lakes_Point';'Database Connections\Connection to FBHBGISDEV02.sde\PFBC_GIS.DBO.PFBC_Mapping\PFBC_GIS.DBO.LawEnforcement_Regions';'Database Connections\Connection to FBHBGISDEV02.sde\PFBC_GIS.DBO.PFBC_Mapping\PFBC_GIS.DBO.Maintenance_Regions';'Database Connections\Connection to FBHBGISDEV02.sde\PFBC_GIS.DBO.PFBC_Mapping\PFBC_GIS.DBO.PA_Fish_Database';'Database Connections\Connection to FBHBGISDEV02.sde\PFBC_GIS.DBO.PFBC_Mapping\PFBC_GIS.DBO.PFBC_GIS_DBO_Approved_Trout_Waterbodies';'Database Connections\Connection to FBHBGISDEV02.sde\PFBC_GIS.DBO.PFBC_Mapping\PFBC_GIS.DBO.PFBC_GIS_DBO_Approved_Trout_Waterbodies_pt';'Database Connections\Connection to FBHBGISDEV02.sde\PFBC_GIS.DBO.PFBC_Mapping\PFBC_GIS.DBO.PFBC_GIS_DBO_Approved_Trout_Waters';'Database Connections\Connection to FBHBGISDEV02.sde\PFBC_GIS.DBO.PFBC_Mapping\PFBC_GIS.DBO.PFBC_GIS_DBO_Fishing_SpecReg_Lakes';'Database Connections\Connection to FBHBGISDEV02.sde\PFBC_GIS.DBO.PFBC_Mapping\PFBC_GIS.DBO.PFBC_GIS_DBO_Fishing_SpecReg_Lakes_Point';'Database Connections\Connection to FBHBGISDEV02.sde\PFBC_GIS.DBO.PFBC_Mapping\PFBC_GIS.DBO.PFBC_GIS_DBO_Fishing_SpecReg_Streams';'Database Connections\Connection to FBHBGISDEV02.sde\PFBC_GIS.DBO.PFBC_Mapping\PFBC_GIS.DBO.PFBC_Properties';'Database Connections\Connection to FBHBGISDEV02.sde\PFBC_GIS.DBO.PFBC_Mapping\PFBC_GIS.DBO.Reg_HQ';'Database Connections\Connection to FBHBGISDEV02.sde\PFBC_GIS.DBO.PFBC_Mapping\PFBC_GIS.DBO.Streams_PFBCManaged_2006';'Database Connections\Connection to FBHBGISDEV02.sde\PFBC_GIS.DBO.PFBC_Mapping\PFBC_GIS.DBO.Streams_PFBCManaged_2007';'Database Connections\Connection to FBHBGISDEV02.sde\PFBC_GIS.DBO.PFBC_Mapping\PFBC_GIS.DBO.Streams_PFBCStocked_2008';'Database Connections\Connection to FBHBGISDEV02.sde\PFBC_GIS.DBO.PFBC_Mapping\PFBC_GIS.DBO.Trout_NaturalReproduction';'Database Connections\Connection to FBHBGISDEV02.sde\PFBC_GIS.DBO.PFBC_Mapping\PFBC_GIS.DBO.WaterTrails_line';'Database Connections\Connection to FBHBGISDEV02.sde\PFBC_GIS.DBO.PFBC_Mapping\PFBC_GIS.DBO.WCO_Districts';'Database Connections\Connection to FBHBGISDEV02.sde\PFBC_GIS.DBO.PFBC_Mapping\PFBC_GIS.DBO.Wilderness_Trout_Streams';'Database Connections\Connection to FBHBGISDEV02.sde\PFBC_GIS.DBO.PFBC_Mapping\PFBC_GIS.DBO.WWCW_Fisheries_Lakes';'Database Connections\Connection to FBHBGISDEV02.sde\PFBC_GIS.DBO.PFBC_Mapping\PFBC_GIS.DBO.WWCW_Fisheries_Lakes_Pt';'Database Connections\Connection to FBHBGISDEV02.sde\PFBC_GIS.DBO.PFBC_Mapping\PFBC_GIS.DBO.WWCW_Fisheries_Streams'</Process><Process ToolSource="c:\program files (x86)\arcgis\desktop10.0\ArcToolbox\Toolboxes\Data Management Tools.tbx\CopyFeatures" Date="20121203" Time="122557">CopyFeatures PFBC_GIS.DBO.ClassA_Streams A:\Projects\PASDA\PASDA_DEC2012.mdb\PFBC_GIS_DBO_ClassA_Streams # 0 0 0</Process><Process ToolSource="c:\program files (x86)\arcgis\desktop10.0\ArcToolbox\Toolboxes\Data Management Tools.tbx\CopyFeatures" Date="20121217" Time="111456">CopyFeatures D:\DATA\PFBC\PASDA_DEC2012.mdb\ClassA_Streams D:\DATA\PFBC\ClassA_Streams.shp # 0 0 0</Process></lineage><itemProps><itemName Sync="TRUE">ClassA_Streams</itemName><imsContentType Sync="TRUE">002</imsContentType><nativeExtBox><westBL Sync="TRUE">-80.240290</westBL><eastBL Sync="TRUE">-74.786420</eastBL><southBL Sync="TRUE">39.723050</southBL><northBL Sync="TRUE">41.999340</northBL><exTypeCode Sync="TRUE">1</exTypeCode></nativeExtBox><itemLocation><linkage Sync="TRUE">file://\\ALCES\DATA\PFBC\update202408\ClassA_Streams202408</linkage><protocol Sync="TRUE">Local Area Network</protocol></itemLocation><itemSize Sync="TRUE">1.562</itemSize></itemProps><coordRef><type Sync="TRUE">Geographic</type><geogcsn Sync="TRUE">GCS_North_American_1983</geogcsn><csUnits Sync="TRUE">Angular Unit: Degree (0.017453)</csUnits><peXml Sync="TRUE">&lt;GeographicCoordinateSystem xsi:type='typens:GeographicCoordinateSystem' xmlns:xsi='http://www.w3.org/2001/XMLSchema-instance' xmlns:xs='http://www.w3.org/2001/XMLSchema' xmlns:typens='http://www.esri.com/schemas/ArcGIS/10.0'&gt;&lt;WKT&gt;GEOGCS[&amp;quot;GCS_North_American_1983&amp;quot;,DATUM[&amp;quot;D_North_American_1983&amp;quot;,SPHEROID[&amp;quot;GRS_1980&amp;quot;,6378137.0,298.257222101]],PRIMEM[&amp;quot;Greenwich&amp;quot;,0.0],UNIT[&amp;quot;Degree&amp;quot;,0.0174532925199433],AUTHORITY[&amp;quot;EPSG&amp;quot;,4269]]&lt;/WKT&gt;&lt;XOrigin&gt;-400&lt;/XOrigin&gt;&lt;YOrigin&gt;-400&lt;/YOrigin&gt;&lt;XYScale&gt;11258999068426.238&lt;/XYScale&gt;&lt;ZOrigin&gt;-100000&lt;/ZOrigin&gt;&lt;ZScale&gt;10000&lt;/ZScale&gt;&lt;MOrigin&gt;-100000&lt;/MOrigin&gt;&lt;MScale&gt;10000&lt;/MScale&gt;&lt;XYTolerance&gt;8.9831528411952133e-009&lt;/XYTolerance&gt;&lt;ZTolerance&gt;0.001&lt;/ZTolerance&gt;&lt;MTolerance&gt;0.001&lt;/MTolerance&gt;&lt;HighPrecision&gt;true&lt;/HighPrecision&gt;&lt;LeftLongitude&gt;-180&lt;/LeftLongitude&gt;&lt;WKID&gt;4269&lt;/WKID&gt;&lt;/GeographicCoordinateSystem&gt;</peXml></coordRef><copyHistory><copy source="D:\DATA\PFBC\update202408\ClassA_Streams202408" dest="\\ALCES\DATA\PFBC\update202408\ClassA_Streams202408" date="20240824" time="14052400"></copy></copyHistory></DataProperties><ArcGISstyle>FGDC CSDGM Metadata</ArcGISstyle><ArcGISFormat>1.0</ArcGISFormat></Esri><mdDateSt Sync="TRUE">20121217</mdDateSt><dataIdInfo><envirDesc Sync="TRUE">Microsoft Windows 7 Version 6.1 (Build 7601) Service Pack 1; ESRI ArcGIS 10.0.4.4000</envirDesc><dataLang><languageCode Sync="TRUE" value="eng"></languageCode><countryCode value="USA" Sync="TRUE"></countryCode></dataLang><idCitation><resTitle Sync="TRUE">ClassA_Streams</resTitle><presForm><PresFormCd Sync="TRUE" value="005"></PresFormCd></presForm></idCitation><spatRpType><SpatRepTypCd Sync="TRUE" value="001"></SpatRepTypCd></spatRpType><dataExt><geoEle><GeoBndBox esriExtentType="native"><westBL Sync="TRUE">-80.24029</westBL><eastBL Sync="TRUE">-74.78642</eastBL><northBL Sync="TRUE">41.99934</northBL><southBL Sync="TRUE">39.72305</southBL><exTypeCode Sync="TRUE">1</exTypeCode></GeoBndBox></geoEle></dataExt><geoBox esriExtentType="decdegrees"><westBL Sync="TRUE">-80.24029</westBL><eastBL Sync="TRUE">-74.78642</eastBL><northBL Sync="TRUE">41.99934</northBL><southBL Sync="TRUE">39.72305</southBL><exTypeCode Sync="TRUE">1</exTypeCode></geoBox><dataExt><geoEle><GeoBndBox esriExtentType="search"><exTypeCode Sync="TRUE">1</exTypeCode><westBL Sync="TRUE">-80.240290</westBL><eastBL Sync="TRUE">-74.786420</eastBL><northBL Sync="TRUE">41.999340</northBL><southBL Sync="TRUE">39.723050</southBL></GeoBndBox></geoEle></dataExt></dataIdInfo><mdLang><languageCode Sync="TRUE" value="eng"></languageCode><countryCode value="USA" Sync="TRUE"></countryCode></mdLang><mdStanName Sync="TRUE">ISO 19115 Geographic Information - Metadata</mdStanName><mdStanVer Sync="TRUE">DIS_ESRI1.0</mdStanVer><mdChar><CharSetCd Sync="TRUE" value="006"></CharSetCd></mdChar><mdHrLv><ScopeCd Sync="TRUE" value="005"></ScopeCd></mdHrLv><mdHrLvName Sync="TRUE">dataset</mdHrLvName><distInfo><distributor><distorTran><onLineSrc><orDesc Sync="TRUE">002</orDesc><linkage Sync="TRUE">Server=fbhbgisdev02; Service=5151/tcp; Database=PFBC_GIS; User=sa; Version=dbo.DEFAULT</linkage><protocol Sync="TRUE">ArcSDE Connection</protocol></onLineSrc></distorTran><distorFormat><formatName Sync="TRUE">SDE Feature Class</formatName></distorFormat></distributor><distFormat><formatName Sync="TRUE">Shapefile</formatName></distFormat><distTranOps><transSize Sync="TRUE">1.562</transSize></distTranOps></distInfo><refSysInfo><RefSystem><refSysID><identCode Sync="TRUE" value="4269">GCS_North_American_1983</identCode><idCodeSpace Sync="TRUE">EPSG</idCodeSpace><idVersion Sync="TRUE">7.4.1</idVersion></refSysID></RefSystem></refSysInfo><spatRepInfo><VectSpatRep><geometObjs Name="ClassA_Streams"><geoObjTyp><GeoObjTypCd value="002" Sync="TRUE"></GeoObjTypCd></geoObjTyp><geoObjCnt Sync="TRUE">531</geoObjCnt></geometObjs><topLvl><TopoLevCd value="001" Sync="TRUE"></TopoLevCd></topLvl></VectSpatRep></spatRepInfo><distinfo>
		<resdesc>Downloadable Data</resdesc>
		<stdorder><digform><digtinfo><transize Sync="TRUE">7.210</transize><dssize Sync="TRUE">7.210</dssize></digtinfo></digform></stdorder><distliab>The USER shall indemnify, save harmless, and, if requested, defend those parties involved with the development and distribution of this data, their officers, agents, and employees from and against any suits, claims, or actions for injury, death, or property damage arising out of the use of or any defect in the FILES or any accompanying documentation. Those parties involved with the development and distribution excluded any and all implied warranties, including warranties or merchantability and fitness for a particular purpose and makes no warranty or representation, either express or implied, with respect to the FILES or accompanying documentation, including its quality, performance, merchantability, or fitness for a particular purpose. The FILES and documentation are provided "as is" and the USER assumes the entire risk as to its quality and performance. Those parties involved with the development and distribution of this data will not be liable for any direct, indirect, special, incidental, or consequential damages arising out of the use or inability to use the FILES or any accompanying documentation.</distliab><distrib><cntinfo><cntperp><cntorg>Pennsylvania Spatial Data Access (PASDA)</cntorg></cntperp><cntaddr><addrtype>mailing address</addrtype><address>115 Land and Water building </address><city>University Park</city><state>Pennsylvania</state><postal>16802</postal><country>United States</country></cntaddr><cntvoice>(814) 865 - 8792</cntvoice><cntemail>pasda@psu.edu</cntemail></cntinfo></distrib></distinfo></metadata>
