<?xml version="1.0" encoding="UTF-8"?>
<metadata xml:lang="en"><Esri><CreaDate>20220516</CreaDate><CreaTime>15451800</CreaTime><ArcGISFormat>1.0</ArcGISFormat><SyncOnce>FALSE</SyncOnce><DataProperties><itemProps><itemName Sync="TRUE">BestFishingWaters_StreamsMay2022</itemName><imsContentType Sync="TRUE">002</imsContentType><itemSize Sync="TRUE">0.000</itemSize><itemLocation><linkage Sync="TRUE">file://\\psieefiler.ems.psu.edu\psieecifsvol1\Allegheny_DEP\202205\FishandBoat\BestFishingWaters_StreamsMay2022.shp</linkage><protocol Sync="TRUE">Local Area Network</protocol></itemLocation></itemProps><coordRef><type Sync="TRUE">Geographic</type><geogcsn Sync="TRUE">GCS_North_American_1983</geogcsn><csUnits Sync="TRUE">Angular Unit: Degree (0.017453)</csUnits><peXml Sync="TRUE">&lt;GeographicCoordinateSystem xsi:type='typens:GeographicCoordinateSystem' xmlns:xsi='http://www.w3.org/2001/XMLSchema-instance' xmlns:xs='http://www.w3.org/2001/XMLSchema' xmlns:typens='http://www.esri.com/schemas/ArcGIS/10.8'&gt;&lt;WKT&gt;GEOGCS[&amp;quot;GCS_North_American_1983&amp;quot;,DATUM[&amp;quot;D_North_American_1983&amp;quot;,SPHEROID[&amp;quot;GRS_1980&amp;quot;,6378137.0,298.257222101]],PRIMEM[&amp;quot;Greenwich&amp;quot;,0.0],UNIT[&amp;quot;Degree&amp;quot;,0.0174532925199433],AUTHORITY[&amp;quot;EPSG&amp;quot;,4269]]&lt;/WKT&gt;&lt;XOrigin&gt;-400&lt;/XOrigin&gt;&lt;YOrigin&gt;-400&lt;/YOrigin&gt;&lt;XYScale&gt;11258999068426.238&lt;/XYScale&gt;&lt;ZOrigin&gt;-100000&lt;/ZOrigin&gt;&lt;ZScale&gt;10000&lt;/ZScale&gt;&lt;MOrigin&gt;-100000&lt;/MOrigin&gt;&lt;MScale&gt;10000&lt;/MScale&gt;&lt;XYTolerance&gt;8.9831528411952133e-09&lt;/XYTolerance&gt;&lt;ZTolerance&gt;0.001&lt;/ZTolerance&gt;&lt;MTolerance&gt;0.001&lt;/MTolerance&gt;&lt;HighPrecision&gt;true&lt;/HighPrecision&gt;&lt;LeftLongitude&gt;-180&lt;/LeftLongitude&gt;&lt;WKID&gt;4269&lt;/WKID&gt;&lt;LatestWKID&gt;4269&lt;/LatestWKID&gt;&lt;/GeographicCoordinateSystem&gt;</peXml></coordRef><lineage><Process ToolSource="c:\program files (x86)\arcgis\desktop10.8\ArcToolbox\Toolboxes\Conversion Tools.tbx\FeatureClassToFeatureClass" Date="20220516" Time="154519">FeatureClassToFeatureClass \\psieefiler.ems.psu.edu\psieecifsvol1\Allegheny_DEP\202205\FishandBoat\PASDA_MAY_16_2022.mdb\BestFishingWaters_StreamsMay2022 \\psieefiler.ems.psu.edu\psieecifsvol1\Allegheny_DEP\202205\FishandBoat BestFishingWaters_StreamsMay2022.shp # "WtrLatDD "WtrLatDD" true true false 8 Double 0 0 ,First,#,\\psieefiler.ems.psu.edu\psieecifsvol1\Allegheny_DEP\202205\FishandBoat\PASDA_MAY_16_2022.mdb\BestFishingWaters_StreamsMay2022,WtrLatDD,-1,-1;WtrLonDD "WtrLonDD" true true false 8 Double 0 0 ,First,#,\\psieefiler.ems.psu.edu\psieecifsvol1\Allegheny_DEP\202205\FishandBoat\PASDA_MAY_16_2022.mdb\BestFishingWaters_StreamsMay2022,WtrLonDD,-1,-1;WtrName "WtrName" true true false 254 Text 0 0 ,First,#,\\psieefiler.ems.psu.edu\psieecifsvol1\Allegheny_DEP\202205\FishandBoat\PASDA_MAY_16_2022.mdb\BestFishingWaters_StreamsMay2022,WtrName,-1,-1;SecNum "SecNum" true true false 4 Long 0 0 ,First,#,\\psieefiler.ems.psu.edu\psieecifsvol1\Allegheny_DEP\202205\FishandBoat\PASDA_MAY_16_2022.mdb\BestFishingWaters_StreamsMay2022,SecNum,-1,-1;SecUpper_1 "SecUpper_1" true true false 150 Text 0 0 ,First,#,\\psieefiler.ems.psu.edu\psieecifsvol1\Allegheny_DEP\202205\FishandBoat\PASDA_MAY_16_2022.mdb\BestFishingWaters_StreamsMay2022,SecUpper_1,-1,-1;SecLower_1 "SecLower_1" true true false 150 Text 0 0 ,First,#,\\psieefiler.ems.psu.edu\psieecifsvol1\Allegheny_DEP\202205\FishandBoat\PASDA_MAY_16_2022.mdb\BestFishingWaters_StreamsMay2022,SecLower_1,-1,-1;GIS_Key "GIS_Key" true true false 16 Text 0 0 ,First,#,\\psieefiler.ems.psu.edu\psieecifsvol1\Allegheny_DEP\202205\FishandBoat\PASDA_MAY_16_2022.mdb\BestFishingWaters_StreamsMay2022,GIS_Key,-1,-1;Length_MI_ "Length_MI_" true true false 8 Double 0 0 ,First,#,\\psieefiler.ems.psu.edu\psieecifsvol1\Allegheny_DEP\202205\FishandBoat\PASDA_MAY_16_2022.mdb\BestFishingWaters_StreamsMay2022,Length_MI_,-1,-1;LL_Long_GI "LL_Long_GI" true true false 8 Double 0 0 ,First,#,\\psieefiler.ems.psu.edu\psieecifsvol1\Allegheny_DEP\202205\FishandBoat\PASDA_MAY_16_2022.mdb\BestFishingWaters_StreamsMay2022,LL_Long_GI,-1,-1;LL_Lat_GIS "LL_Lat_GIS" true true false 8 Double 0 0 ,First,#,\\psieefiler.ems.psu.edu\psieecifsvol1\Allegheny_DEP\202205\FishandBoat\PASDA_MAY_16_2022.mdb\BestFishingWaters_StreamsMay2022,LL_Lat_GIS,-1,-1;County "County" true true false 50 Text 0 0 ,First,#,\\psieefiler.ems.psu.edu\psieecifsvol1\Allegheny_DEP\202205\FishandBoat\PASDA_MAY_16_2022.mdb\BestFishingWaters_StreamsMay2022,County,-1,-1;RowID_ "RowID" true true false 4 Long 0 0 ,First,#,\\psieefiler.ems.psu.edu\psieecifsvol1\Allegheny_DEP\202205\FishandBoat\PASDA_MAY_16_2022.mdb\BestFishingWaters_StreamsMay2022,RowID,-1,-1;GIS_Key_1 "GIS_Key" true true false 2147483647 Text 0 0 ,First,#,\\psieefiler.ems.psu.edu\psieecifsvol1\Allegheny_DEP\202205\FishandBoat\PASDA_MAY_16_2022.mdb\BestFishingWaters_StreamsMay2022,GIS_Key_1,-1,-1;Black_Crap "Black Crappie" true true false 2147483647 Text 0 0 ,First,#,\\psieefiler.ems.psu.edu\psieecifsvol1\Allegheny_DEP\202205\FishandBoat\PASDA_MAY_16_2022.mdb\BestFishingWaters_StreamsMay2022,Black_Crappie,-1,-1;Bluegill "Bluegill" true true false 2147483647 Text 0 0 ,First,#,\\psieefiler.ems.psu.edu\psieecifsvol1\Allegheny_DEP\202205\FishandBoat\PASDA_MAY_16_2022.mdb\BestFishingWaters_StreamsMay2022,Bluegill,-1,-1;Brook_Trou "Brook Trout" true true false 2147483647 Text 0 0 ,First,#,\\psieefiler.ems.psu.edu\psieecifsvol1\Allegheny_DEP\202205\FishandBoat\PASDA_MAY_16_2022.mdb\BestFishingWaters_StreamsMay2022,Brook_Trout,-1,-1;Brook_Tr_1 "Brook Trout - Hatchery" true true false 2147483647 Text 0 0 ,First,#,\\psieefiler.ems.psu.edu\psieecifsvol1\Allegheny_DEP\202205\FishandBoat\PASDA_MAY_16_2022.mdb\BestFishingWaters_StreamsMay2022,Brook_Trout___Hatchery,-1,-1;Brown_Trou "Brown Trout" true true false 2147483647 Text 0 0 ,First,#,\\psieefiler.ems.psu.edu\psieecifsvol1\Allegheny_DEP\202205\FishandBoat\PASDA_MAY_16_2022.mdb\BestFishingWaters_StreamsMay2022,Brown_Trout,-1,-1;Brown_Tr_1 "Brown Trout - Hatchery" true true false 2147483647 Text 0 0 ,First,#,\\psieefiler.ems.psu.edu\psieecifsvol1\Allegheny_DEP\202205\FishandBoat\PASDA_MAY_16_2022.mdb\BestFishingWaters_StreamsMay2022,Brown_Trout___Hatchery,-1,-1;Bullheads "Bullheads" true true false 2147483647 Text 0 0 ,First,#,\\psieefiler.ems.psu.edu\psieecifsvol1\Allegheny_DEP\202205\FishandBoat\PASDA_MAY_16_2022.mdb\BestFishingWaters_StreamsMay2022,Bullheads,-1,-1;Channel_Ca "Channel Catfish" true true false 2147483647 Text 0 0 ,First,#,\\psieefiler.ems.psu.edu\psieecifsvol1\Allegheny_DEP\202205\FishandBoat\PASDA_MAY_16_2022.mdb\BestFishingWaters_StreamsMay2022,Channel_Catfish,-1,-1;Chain_Pick "Chain Pickerel" true true false 2147483647 Text 0 0 ,First,#,\\psieefiler.ems.psu.edu\psieecifsvol1\Allegheny_DEP\202205\FishandBoat\PASDA_MAY_16_2022.mdb\BestFishingWaters_StreamsMay2022,Chain_Pickerel,-1,-1;Common_Car "Common Carp" true true false 2147483647 Text 0 0 ,First,#,\\psieefiler.ems.psu.edu\psieecifsvol1\Allegheny_DEP\202205\FishandBoat\PASDA_MAY_16_2022.mdb\BestFishingWaters_StreamsMay2022,Common_Carp,-1,-1;Flathead_C "Flathead Catfish" true true false 2147483647 Text 0 0 ,First,#,\\psieefiler.ems.psu.edu\psieecifsvol1\Allegheny_DEP\202205\FishandBoat\PASDA_MAY_16_2022.mdb\BestFishingWaters_StreamsMay2022,Flathead_Catfish,-1,-1;Largemouth "Largemouth Bass" true true false 2147483647 Text 0 0 ,First,#,\\psieefiler.ems.psu.edu\psieecifsvol1\Allegheny_DEP\202205\FishandBoat\PASDA_MAY_16_2022.mdb\BestFishingWaters_StreamsMay2022,Largemouth_Bass,-1,-1;Muskellung "Muskellunge" true true false 2147483647 Text 0 0 ,First,#,\\psieefiler.ems.psu.edu\psieecifsvol1\Allegheny_DEP\202205\FishandBoat\PASDA_MAY_16_2022.mdb\BestFishingWaters_StreamsMay2022,Muskellunge,-1,-1;Northern_P "Northern Pike" true true false 2147483647 Text 0 0 ,First,#,\\psieefiler.ems.psu.edu\psieecifsvol1\Allegheny_DEP\202205\FishandBoat\PASDA_MAY_16_2022.mdb\BestFishingWaters_StreamsMay2022,Northern_Pike,-1,-1;Pumpkinsee "Pumpkinseed" true true false 2147483647 Text 0 0 ,First,#,\\psieefiler.ems.psu.edu\psieecifsvol1\Allegheny_DEP\202205\FishandBoat\PASDA_MAY_16_2022.mdb\BestFishingWaters_StreamsMay2022,Pumpkinseed,-1,-1;Rainbow_Tr "Rainbow Trout" true true false 2147483647 Text 0 0 ,First,#,\\psieefiler.ems.psu.edu\psieecifsvol1\Allegheny_DEP\202205\FishandBoat\PASDA_MAY_16_2022.mdb\BestFishingWaters_StreamsMay2022,Rainbow_Trout,-1,-1;Rainbow__1 "Rainbow Trout - Hatchery" true true false 2147483647 Text 0 0 ,First,#,\\psieefiler.ems.psu.edu\psieecifsvol1\Allegheny_DEP\202205\FishandBoat\PASDA_MAY_16_2022.mdb\BestFishingWaters_StreamsMay2022,Rainbow_Trout___Hatchery,-1,-1;Smallmouth "Smallmouth Bass" true true false 2147483647 Text 0 0 ,First,#,\\psieefiler.ems.psu.edu\psieecifsvol1\Allegheny_DEP\202205\FishandBoat\PASDA_MAY_16_2022.mdb\BestFishingWaters_StreamsMay2022,Smallmouth_Bass,-1,-1;Striped_Ba "Striped Bass" true true false 2147483647 Text 0 0 ,First,#,\\psieefiler.ems.psu.edu\psieecifsvol1\Allegheny_DEP\202205\FishandBoat\PASDA_MAY_16_2022.mdb\BestFishingWaters_StreamsMay2022,Striped_Bass,-1,-1;Striped__1 "Striped Bass hybrid" true true false 2147483647 Text 0 0 ,First,#,\\psieefiler.ems.psu.edu\psieecifsvol1\Allegheny_DEP\202205\FishandBoat\PASDA_MAY_16_2022.mdb\BestFishingWaters_StreamsMay2022,Striped_Bass_hybrid,-1,-1;Tiger_Musk "Tiger Muskellunge" true true false 2147483647 Text 0 0 ,First,#,\\psieefiler.ems.psu.edu\psieecifsvol1\Allegheny_DEP\202205\FishandBoat\PASDA_MAY_16_2022.mdb\BestFishingWaters_StreamsMay2022,Tiger_Muskellunge,-1,-1;Walleye "Walleye" true true false 2147483647 Text 0 0 ,First,#,\\psieefiler.ems.psu.edu\psieecifsvol1\Allegheny_DEP\202205\FishandBoat\PASDA_MAY_16_2022.mdb\BestFishingWaters_StreamsMay2022,Walleye,-1,-1;White_Crap "White Crappie" true true false 2147483647 Text 0 0 ,First,#,\\psieefiler.ems.psu.edu\psieecifsvol1\Allegheny_DEP\202205\FishandBoat\PASDA_MAY_16_2022.mdb\BestFishingWaters_StreamsMay2022,White_Crappie,-1,-1;Yellow_Per "Yellow Perch" true true false 2147483647 Text 0 0 ,First,#,\\psieefiler.ems.psu.edu\psieecifsvol1\Allegheny_DEP\202205\FishandBoat\PASDA_MAY_16_2022.mdb\BestFishingWaters_StreamsMay2022,Yellow_Perch,-1,-1;Shape_Leng "Shape_Leng" false true true 8 Double 0 0 ,First,#,\\psieefiler.ems.psu.edu\psieecifsvol1\Allegheny_DEP\202205\FishandBoat\PASDA_MAY_16_2022.mdb\BestFishingWaters_StreamsMay2022,Shape_Length,-1,-1" #</Process></lineage></DataProperties><SyncDate>20220516</SyncDate><SyncTime>15451800</SyncTime><ModDate>20220516</ModDate><ModTime>15451800</ModTime></Esri><dataIdInfo><envirDesc Sync="TRUE"> Version 6.2 (Build 9200) ; Esri ArcGIS 10.8.1.14362</envirDesc><dataLang><languageCode value="eng" Sync="TRUE"></languageCode><countryCode value="USA" Sync="TRUE"></countryCode></dataLang><idCitation><resTitle Sync="TRUE">BestFishingWaters_StreamsMay2022</resTitle><presForm><PresFormCd value="005" Sync="TRUE"></PresFormCd></presForm></idCitation><spatRpType><SpatRepTypCd value="001" Sync="TRUE"></SpatRepTypCd></spatRpType></dataIdInfo><mdLang><languageCode value="eng" Sync="TRUE"></languageCode><countryCode value="USA" Sync="TRUE"></countryCode></mdLang><mdChar><CharSetCd value="004" Sync="TRUE"></CharSetCd></mdChar><distInfo><distFormat><formatName Sync="TRUE">Shapefile</formatName></distFormat><distTranOps><transSize Sync="TRUE">0.000</transSize></distTranOps></distInfo><mdHrLv><ScopeCd value="005" Sync="TRUE"></ScopeCd></mdHrLv><mdHrLvName Sync="TRUE">dataset</mdHrLvName><refSysInfo><RefSystem><refSysID><identCode code="4269" Sync="TRUE"></identCode><idCodeSpace Sync="TRUE">EPSG</idCodeSpace><idVersion Sync="TRUE">9.8(3.0.1)</idVersion></refSysID></RefSystem></refSysInfo><spatRepInfo><VectSpatRep><geometObjs Name="BestFishingWaters_StreamsMay2022"><geoObjTyp><GeoObjTypCd value="002" Sync="TRUE"></GeoObjTypCd></geoObjTyp><geoObjCnt Sync="TRUE">0</geoObjCnt></geometObjs><topLvl><TopoLevCd value="001" Sync="TRUE"></TopoLevCd></topLvl></VectSpatRep></spatRepInfo><spdoinfo><ptvctinf><esriterm Name="BestFishingWaters_StreamsMay2022"><efeatyp Sync="TRUE">Simple</efeatyp><efeageom code="3" Sync="TRUE"></efeageom><esritopo Sync="TRUE">FALSE</esritopo><efeacnt Sync="TRUE">0</efeacnt><spindex Sync="TRUE">FALSE</spindex><linrefer Sync="TRUE">TRUE</linrefer></esriterm></ptvctinf></spdoinfo><eainfo><detailed Name="BestFishingWaters_StreamsMay2022"><enttyp><enttypl Sync="TRUE">BestFishingWaters_StreamsMay2022</enttypl><enttypt Sync="TRUE">Feature Class</enttypt><enttypc Sync="TRUE">0</enttypc></enttyp><attr><attrlabl Sync="TRUE">FID</attrlabl><attalias Sync="TRUE">FID</attalias><attrtype Sync="TRUE">OID</attrtype><attwidth Sync="TRUE">4</attwidth><atprecis Sync="TRUE">0</atprecis><attscale Sync="TRUE">0</attscale><attrdef Sync="TRUE">Internal feature number.</attrdef><attrdefs Sync="TRUE">Esri</attrdefs><attrdomv><udom Sync="TRUE">Sequential unique whole numbers that are automatically generated.</udom></attrdomv></attr><attr><attrlabl Sync="TRUE">Shape</attrlabl><attalias Sync="TRUE">Shape</attalias><attrtype Sync="TRUE">Geometry</attrtype><attwidth Sync="TRUE">0</attwidth><atprecis Sync="TRUE">0</atprecis><attscale Sync="TRUE">0</attscale><attrdef Sync="TRUE">Feature geometry.</attrdef><attrdefs Sync="TRUE">Esri</attrdefs><attrdomv><udom Sync="TRUE">Coordinates defining the features.</udom></attrdomv></attr><attr><attrlabl Sync="TRUE">WtrLatDD</attrlabl><attalias Sync="TRUE">WtrLatDD</attalias><attrtype Sync="TRUE">Double</attrtype><attwidth Sync="TRUE">19</attwidth><atprecis Sync="TRUE">0</atprecis><attscale Sync="TRUE">0</attscale></attr><attr><attrlabl Sync="TRUE">WtrLonDD</attrlabl><attalias Sync="TRUE">WtrLonDD</attalias><attrtype Sync="TRUE">Double</attrtype><attwidth Sync="TRUE">19</attwidth><atprecis Sync="TRUE">0</atprecis><attscale Sync="TRUE">0</attscale></attr><attr><attrlabl Sync="TRUE">WtrName</attrlabl><attalias Sync="TRUE">WtrName</attalias><attrtype Sync="TRUE">String</attrtype><attwidth Sync="TRUE">254</attwidth><atprecis Sync="TRUE">0</atprecis><attscale Sync="TRUE">0</attscale></attr><attr><attrlabl Sync="TRUE">SecNum</attrlabl><attalias Sync="TRUE">SecNum</attalias><attrtype Sync="TRUE">Integer</attrtype><attwidth Sync="TRUE">10</attwidth><atprecis Sync="TRUE">10</atprecis><attscale Sync="TRUE">0</attscale></attr><attr><attrlabl Sync="TRUE">SecUpper_1</attrlabl><attalias Sync="TRUE">SecUpper_1</attalias><attrtype Sync="TRUE">String</attrtype><attwidth Sync="TRUE">150</attwidth><atprecis Sync="TRUE">0</atprecis><attscale Sync="TRUE">0</attscale></attr><attr><attrlabl Sync="TRUE">SecLower_1</attrlabl><attalias Sync="TRUE">SecLower_1</attalias><attrtype Sync="TRUE">String</attrtype><attwidth Sync="TRUE">150</attwidth><atprecis Sync="TRUE">0</atprecis><attscale Sync="TRUE">0</attscale></attr><attr><attrlabl Sync="TRUE">GIS_Key</attrlabl><attalias Sync="TRUE">GIS_Key</attalias><attrtype Sync="TRUE">String</attrtype><attwidth Sync="TRUE">16</attwidth><atprecis Sync="TRUE">0</atprecis><attscale Sync="TRUE">0</attscale></attr><attr><attrlabl Sync="TRUE">Length_MI_</attrlabl><attalias Sync="TRUE">Length_MI_</attalias><attrtype Sync="TRUE">Double</attrtype><attwidth Sync="TRUE">19</attwidth><atprecis Sync="TRUE">0</atprecis><attscale Sync="TRUE">0</attscale></attr><attr><attrlabl Sync="TRUE">LL_Long_GI</attrlabl><attalias Sync="TRUE">LL_Long_GI</attalias><attrtype Sync="TRUE">Double</attrtype><attwidth Sync="TRUE">19</attwidth><atprecis Sync="TRUE">0</atprecis><attscale Sync="TRUE">0</attscale></attr><attr><attrlabl Sync="TRUE">LL_Lat_GIS</attrlabl><attalias Sync="TRUE">LL_Lat_GIS</attalias><attrtype Sync="TRUE">Double</attrtype><attwidth Sync="TRUE">19</attwidth><atprecis Sync="TRUE">0</atprecis><attscale Sync="TRUE">0</attscale></attr><attr><attrlabl Sync="TRUE">County</attrlabl><attalias Sync="TRUE">County</attalias><attrtype Sync="TRUE">String</attrtype><attwidth Sync="TRUE">50</attwidth><atprecis Sync="TRUE">0</atprecis><attscale Sync="TRUE">0</attscale></attr><attr><attrlabl Sync="TRUE">RowID_</attrlabl><attalias Sync="TRUE">RowID_</attalias><attrtype Sync="TRUE">Integer</attrtype><attwidth Sync="TRUE">10</attwidth><atprecis Sync="TRUE">10</atprecis><attscale Sync="TRUE">0</attscale></attr><attr><attrlabl Sync="TRUE">GIS_Key_1</attrlabl><attalias Sync="TRUE">GIS_Key_1</attalias><attrtype Sync="TRUE">String</attrtype><attwidth Sync="TRUE">254</attwidth><atprecis Sync="TRUE">0</atprecis><attscale Sync="TRUE">0</attscale></attr><attr><attrlabl Sync="TRUE">Black_Crap</attrlabl><attalias Sync="TRUE">Black_Crap</attalias><attrtype Sync="TRUE">String</attrtype><attwidth Sync="TRUE">254</attwidth><atprecis Sync="TRUE">0</atprecis><attscale Sync="TRUE">0</attscale></attr><attr><attrlabl Sync="TRUE">Bluegill</attrlabl><attalias Sync="TRUE">Bluegill</attalias><attrtype Sync="TRUE">String</attrtype><attwidth Sync="TRUE">254</attwidth><atprecis Sync="TRUE">0</atprecis><attscale Sync="TRUE">0</attscale></attr><attr><attrlabl Sync="TRUE">Brook_Trou</attrlabl><attalias Sync="TRUE">Brook_Trou</attalias><attrtype Sync="TRUE">String</attrtype><attwidth Sync="TRUE">254</attwidth><atprecis Sync="TRUE">0</atprecis><attscale Sync="TRUE">0</attscale></attr><attr><attrlabl Sync="TRUE">Brook_Tr_1</attrlabl><attalias Sync="TRUE">Brook_Tr_1</attalias><attrtype Sync="TRUE">String</attrtype><attwidth Sync="TRUE">254</attwidth><atprecis Sync="TRUE">0</atprecis><attscale Sync="TRUE">0</attscale></attr><attr><attrlabl Sync="TRUE">Brown_Trou</attrlabl><attalias Sync="TRUE">Brown_Trou</attalias><attrtype Sync="TRUE">String</attrtype><attwidth Sync="TRUE">254</attwidth><atprecis Sync="TRUE">0</atprecis><attscale Sync="TRUE">0</attscale></attr><attr><attrlabl Sync="TRUE">Brown_Tr_1</attrlabl><attalias Sync="TRUE">Brown_Tr_1</attalias><attrtype Sync="TRUE">String</attrtype><attwidth Sync="TRUE">254</attwidth><atprecis Sync="TRUE">0</atprecis><attscale Sync="TRUE">0</attscale></attr><attr><attrlabl Sync="TRUE">Bullheads</attrlabl><attalias Sync="TRUE">Bullheads</attalias><attrtype Sync="TRUE">String</attrtype><attwidth Sync="TRUE">254</attwidth><atprecis Sync="TRUE">0</atprecis><attscale Sync="TRUE">0</attscale></attr><attr><attrlabl Sync="TRUE">Channel_Ca</attrlabl><attalias Sync="TRUE">Channel_Ca</attalias><attrtype Sync="TRUE">String</attrtype><attwidth Sync="TRUE">254</attwidth><atprecis Sync="TRUE">0</atprecis><attscale Sync="TRUE">0</attscale></attr><attr><attrlabl Sync="TRUE">Chain_Pick</attrlabl><attalias Sync="TRUE">Chain_Pick</attalias><attrtype Sync="TRUE">String</attrtype><attwidth Sync="TRUE">254</attwidth><atprecis Sync="TRUE">0</atprecis><attscale Sync="TRUE">0</attscale></attr><attr><attrlabl Sync="TRUE">Common_Car</attrlabl><attalias Sync="TRUE">Common_Car</attalias><attrtype Sync="TRUE">String</attrtype><attwidth Sync="TRUE">254</attwidth><atprecis Sync="TRUE">0</atprecis><attscale Sync="TRUE">0</attscale></attr><attr><attrlabl Sync="TRUE">Flathead_C</attrlabl><attalias Sync="TRUE">Flathead_C</attalias><attrtype Sync="TRUE">String</attrtype><attwidth Sync="TRUE">254</attwidth><atprecis Sync="TRUE">0</atprecis><attscale Sync="TRUE">0</attscale></attr><attr><attrlabl Sync="TRUE">Largemouth</attrlabl><attalias Sync="TRUE">Largemouth</attalias><attrtype Sync="TRUE">String</attrtype><attwidth Sync="TRUE">254</attwidth><atprecis Sync="TRUE">0</atprecis><attscale Sync="TRUE">0</attscale></attr><attr><attrlabl Sync="TRUE">Muskellung</attrlabl><attalias Sync="TRUE">Muskellung</attalias><attrtype Sync="TRUE">String</attrtype><attwidth Sync="TRUE">254</attwidth><atprecis Sync="TRUE">0</atprecis><attscale Sync="TRUE">0</attscale></attr><attr><attrlabl Sync="TRUE">Northern_P</attrlabl><attalias Sync="TRUE">Northern_P</attalias><attrtype Sync="TRUE">String</attrtype><attwidth Sync="TRUE">254</attwidth><atprecis Sync="TRUE">0</atprecis><attscale Sync="TRUE">0</attscale></attr><attr><attrlabl Sync="TRUE">Pumpkinsee</attrlabl><attalias Sync="TRUE">Pumpkinsee</attalias><attrtype Sync="TRUE">String</attrtype><attwidth Sync="TRUE">254</attwidth><atprecis Sync="TRUE">0</atprecis><attscale Sync="TRUE">0</attscale></attr><attr><attrlabl Sync="TRUE">Rainbow_Tr</attrlabl><attalias Sync="TRUE">Rainbow_Tr</attalias><attrtype Sync="TRUE">String</attrtype><attwidth Sync="TRUE">254</attwidth><atprecis Sync="TRUE">0</atprecis><attscale Sync="TRUE">0</attscale></attr><attr><attrlabl Sync="TRUE">Rainbow__1</attrlabl><attalias Sync="TRUE">Rainbow__1</attalias><attrtype Sync="TRUE">String</attrtype><attwidth Sync="TRUE">254</attwidth><atprecis Sync="TRUE">0</atprecis><attscale Sync="TRUE">0</attscale></attr><attr><attrlabl Sync="TRUE">Smallmouth</attrlabl><attalias Sync="TRUE">Smallmouth</attalias><attrtype Sync="TRUE">String</attrtype><attwidth Sync="TRUE">254</attwidth><atprecis Sync="TRUE">0</atprecis><attscale Sync="TRUE">0</attscale></attr><attr><attrlabl Sync="TRUE">Striped_Ba</attrlabl><attalias Sync="TRUE">Striped_Ba</attalias><attrtype Sync="TRUE">String</attrtype><attwidth Sync="TRUE">254</attwidth><atprecis Sync="TRUE">0</atprecis><attscale Sync="TRUE">0</attscale></attr><attr><attrlabl Sync="TRUE">Striped__1</attrlabl><attalias Sync="TRUE">Striped__1</attalias><attrtype Sync="TRUE">String</attrtype><attwidth Sync="TRUE">254</attwidth><atprecis Sync="TRUE">0</atprecis><attscale Sync="TRUE">0</attscale></attr><attr><attrlabl Sync="TRUE">Tiger_Musk</attrlabl><attalias Sync="TRUE">Tiger_Musk</attalias><attrtype Sync="TRUE">String</attrtype><attwidth Sync="TRUE">254</attwidth><atprecis Sync="TRUE">0</atprecis><attscale Sync="TRUE">0</attscale></attr><attr><attrlabl Sync="TRUE">Walleye</attrlabl><attalias Sync="TRUE">Walleye</attalias><attrtype Sync="TRUE">String</attrtype><attwidth Sync="TRUE">254</attwidth><atprecis Sync="TRUE">0</atprecis><attscale Sync="TRUE">0</attscale></attr><attr><attrlabl Sync="TRUE">White_Crap</attrlabl><attalias Sync="TRUE">White_Crap</attalias><attrtype Sync="TRUE">String</attrtype><attwidth Sync="TRUE">254</attwidth><atprecis Sync="TRUE">0</atprecis><attscale Sync="TRUE">0</attscale></attr><attr><attrlabl Sync="TRUE">Yellow_Per</attrlabl><attalias Sync="TRUE">Yellow_Per</attalias><attrtype Sync="TRUE">String</attrtype><attwidth Sync="TRUE">254</attwidth><atprecis Sync="TRUE">0</atprecis><attscale Sync="TRUE">0</attscale></attr><attr><attrlabl Sync="TRUE">Shape_Leng</attrlabl><attalias Sync="TRUE">Shape_Leng</attalias><attrtype Sync="TRUE">Double</attrtype><attwidth Sync="TRUE">19</attwidth><atprecis Sync="TRUE">0</atprecis><attscale Sync="TRUE">0</attscale></attr></detailed></eainfo><mdDateSt Sync="TRUE">20220516</mdDateSt></metadata>
